"No.","Time","Source","Destination","Protocol","Length","Info"
"1","0.000000000","MS-NLB-PhysServer-27_e0:4e:85:4e","Broadcast","ARP","60","Who has 192.168.5.19? Tell 192.168.5.46"
"2","1.022886607","MS-NLB-PhysServer-27_e0:4e:85:4e","Broadcast","ARP","60","Who has 192.168.5.19? Tell 192.168.5.46"
"3","2.662287366","MS-NLB-PhysServer-27_e0:4e:85:4e","Broadcast","ARP","60","Who has 192.168.5.19? Tell 192.168.5.46"
"4","3.957983015","2409:4064:2c8b:2eb2:1024:71cc:f5c9:863c","2a03:2880:f16b:81:face:b00c:0:25de","TLSv1.2","125","Application Data"
"5","3.958292643","2409:4064:2c8b:2eb2:1024:71cc:f5c9:863c","2404:6800:4009:824::200e","TLSv1.2","125","Application Data"
"6","4.066208998","2a03:2880:f16b:81:face:b00c:0:25de","2409:4064:2c8b:2eb2:1024:71cc:f5c9:863c","TLSv1.2","125","Application Data"
"7","4.066261586","2409:4064:2c8b:2eb2:1024:71cc:f5c9:863c","2a03:2880:f16b:81:face:b00c:0:25de","TCP","86","47292  >  443 [ACK] Seq=40 Ack=40 Win=756 Len=0 TSval=3044078388 TSecr=3711174226"
"8","4.095186323","MS-NLB-PhysServer-27_e0:4e:85:4e","Broadcast","ARP","60","Who has 192.168.5.19? Tell 192.168.5.46"
"9","4.102446708","2404:6800:4009:824::200e","2409:4064:2c8b:2eb2:1024:71cc:f5c9:863c","TLSv1.2","125","Application Data"
"10","4.102472008","2409:4064:2c8b:2eb2:1024:71cc:f5c9:863c","2404:6800:4009:824::200e","TCP","86","46570  >  443 [ACK] Seq=40 Ack=40 Win=501 Len=0 TSval=4058996538 TSecr=96388102"
"11","4.112748716","2404:6800:4009:824::200e","2409:4064:2c8b:2eb2:1024:71cc:f5c9:863c","TCP","86","443  >  46570 [ACK] Seq=1 Ack=40 Win=1692 Len=0 TSval=96388102 TSecr=4058996394"
"12","4.112768299","2409:4064:2c8b:2eb2:1024:71cc:f5c9:863c","2404:6800:4009:824::200e","TCP","86","[TCP Dup ACK 10#1] 46570  >  443 [ACK] Seq=40 Ack=40 Win=501 Len=0 TSval=4058996548 TSecr=96388102"
"13","4.539939239","0.0.0.0","255.255.255.255","DHCP","336","DHCP Request  - Transaction ID 0x695d0f0d"
"14","9.961162375","2409:4064:2c8b:2eb2:1024:71cc:f5c9:863c","2a03:2880:f16b:81:face:b00c:0:25de","TLSv1.2","125","Application Data"
"15","10.065003002","2a03:2880:f16b:81:face:b00c:0:25de","2409:4064:2c8b:2eb2:1024:71cc:f5c9:863c","TLSv1.2","125","Application Data"
"16","10.065025027","2409:4064:2c8b:2eb2:1024:71cc:f5c9:863c","2a03:2880:f16b:81:face:b00c:0:25de","TCP","86","47292  >  443 [ACK] Seq=79 Ack=79 Win=756 Len=0 TSval=3044084386 TSecr=3711180226"
"17","11.476026678","2409:4064:2c8b:2eb2:1024:71cc:f5c9:863c","2404:6800:4002:806::200e","TLSv1.2","374","Application Data"
"18","11.476467033","2409:4064:2c8b:2eb2:1024:71cc:f5c9:863c","2404:6800:4002:806::200e","TLSv1.2","754","Application Data"
"19","11.476680278","2409:4064:2c8b:2eb2:1024:71cc:f5c9:863c","2404:6800:4002:806::200e","TLSv1.2","502","Application Data"
"20","11.543254443","2404:6800:4002:806::200e","2409:4064:2c8b:2eb2:1024:71cc:f5c9:863c","TCP","86","443  >  43328 [ACK] Seq=1 Ack=957 Win=426 Len=0 TSval=3929282883 TSecr=104574382"
"21","11.549152562","2404:6800:4002:806::200e","2409:4064:2c8b:2eb2:1024:71cc:f5c9:863c","TCP","86","443  >  43328 [ACK] Seq=1 Ack=1373 Win=437 Len=0 TSval=3929282888 TSecr=104574383"
"22","11.708371515","2404:6800:4002:806::200e","2409:4064:2c8b:2eb2:1024:71cc:f5c9:863c","TLSv1.2","464","Application Data"
"23","11.708371647","2404:6800:4002:806::200e","2409:4064:2c8b:2eb2:1024:71cc:f5c9:863c","TLSv1.2","478","Application Data"
"24","11.708371719","2404:6800:4002:806::200e","2409:4064:2c8b:2eb2:1024:71cc:f5c9:863c","TLSv1.2","186","Application Data"
"25","11.708371787","2404:6800:4002:806::200e","2409:4064:2c8b:2eb2:1024:71cc:f5c9:863c","TLSv1.2","125","Application Data"
"26","11.708412226","2409:4064:2c8b:2eb2:1024:71cc:f5c9:863c","2404:6800:4002:806::200e","TCP","86","43328  >  443 [ACK] Seq=1373 Ack=379 Win=501 Len=0 TSval=104574615 TSecr=3929283026"
"27","11.708632201","2409:4064:2c8b:2eb2:1024:71cc:f5c9:863c","2404:6800:4002:806::200e","TCP","86","43328  >  443 [ACK] Seq=1373 Ack=771 Win=501 Len=0 TSval=104574615 TSecr=3929283026"
"28","11.708773218","2409:4064:2c8b:2eb2:1024:71cc:f5c9:863c","2404:6800:4002:806::200e","TCP","86","43328  >  443 [ACK] Seq=1373 Ack=871 Win=501 Len=0 TSval=104574615 TSecr=3929283028"
"29","11.708911982","2409:4064:2c8b:2eb2:1024:71cc:f5c9:863c","2404:6800:4002:806::200e","TCP","86","43328  >  443 [ACK] Seq=1373 Ack=910 Win=501 Len=0 TSval=104574615 TSecr=3929283029"
"30","11.710051774","2409:4064:2c8b:2eb2:1024:71cc:f5c9:863c","2404:6800:4002:806::200e","TLSv1.2","125","Application Data"
"31","11.773721860","2404:6800:4002:806::200e","2409:4064:2c8b:2eb2:1024:71cc:f5c9:863c","TCP","86","443  >  43328 [ACK] Seq=910 Ack=1412 Win=437 Len=0 TSval=3929283113 TSecr=104574616"
"32","11.802087361","2409:4064:2c8b:2eb2:1024:71cc:f5c9:863c","2404:6800:4009:822::200e","TLSv1.2","320","Application Data"
"33","11.802382727","2409:4064:2c8b:2eb2:1024:71cc:f5c9:863c","2404:6800:4009:822::200e","TLSv1.2","683","Application Data"
"34","11.802620290","2409:4064:2c8b:2eb2:1024:71cc:f5c9:863c","2404:6800:4009:822::200e","TCP","1444","43740  >  443 [ACK] Seq=832 Ack=1 Win=769 Len=1358 TSval=354065212 TSecr=3346603222 [TCP segment of a reassembled PDU]"
"35","11.802622173","2409:4064:2c8b:2eb2:1024:71cc:f5c9:863c","2404:6800:4009:822::200e","TLSv1.2","797","Application Data"
"36","11.891593620","2404:6800:4009:822::200e","2409:4064:2c8b:2eb2:1024:71cc:f5c9:863c","TCP","86","443  >  43740 [ACK] Seq=1 Ack=832 Win=874 Len=0 TSval=3346657892 TSecr=354065211"
"37","11.893541412","2404:6800:4009:822::200e","2409:4064:2c8b:2eb2:1024:71cc:f5c9:863c","TCP","86","443  >  43740 [ACK] Seq=1 Ack=2901 Win=895 Len=0 TSval=3346657894 TSecr=354065212"
"38","12.444974082","2404:6800:4009:822::200e","2409:4064:2c8b:2eb2:1024:71cc:f5c9:863c","TLSv1.2","442","Application Data"
"39","12.444974293","2404:6800:4009:822::200e","2409:4064:2c8b:2eb2:1024:71cc:f5c9:863c","TLSv1.2","562","Application Data, Application Data"
"40","12.445040351","2409:4064:2c8b:2eb2:1024:71cc:f5c9:863c","2404:6800:4009:822::200e","TCP","86","43740  >  443 [ACK] Seq=2901 Ack=357 Win=788 Len=0 TSval=354065854 TSecr=3346658201"
"41","12.445319400","2409:4064:2c8b:2eb2:1024:71cc:f5c9:863c","2404:6800:4009:822::200e","TCP","86","43740  >  443 [ACK] Seq=2901 Ack=833 Win=807 Len=0 TSval=354065855 TSecr=3346658201"
"42","12.447117736","2404:6800:4009:822::200e","2409:4064:2c8b:2eb2:1024:71cc:f5c9:863c","TLSv1.2","134","Application Data"
"43","12.447117975","2404:6800:4009:822::200e","2409:4064:2c8b:2eb2:1024:71cc:f5c9:863c","TLSv1.2","125","Application Data"
"44","12.447118105","2404:6800:4009:822::200e","2409:4064:2c8b:2eb2:1024:71cc:f5c9:863c","TCP","125","[TCP Retransmission] 443  >  43740 [PSH, ACK] Seq=881 Ack=2901 Win=895 Len=39 TSval=3346658411 TSecr=354065212"
"45","12.447143458","2409:4064:2c8b:2eb2:1024:71cc:f5c9:863c","2404:6800:4009:822::200e","TCP","86","43740  >  443 [ACK] Seq=2901 Ack=881 Win=807 Len=0 TSval=354065856 TSecr=3346658202"
"46","12.447364417","2409:4064:2c8b:2eb2:1024:71cc:f5c9:863c","2404:6800:4009:822::200e","TCP","86","43740  >  443 [ACK] Seq=2901 Ack=920 Win=807 Len=0 TSval=354065857 TSecr=3346658202"
"47","12.447566258","2409:4064:2c8b:2eb2:1024:71cc:f5c9:863c","2404:6800:4009:822::200e","TCP","98","[TCP Dup ACK 46#1] 43740  >  443 [ACK] Seq=2901 Ack=920 Win=807 Len=0 TSval=354065857 TSecr=3346658411 SLE=881 SRE=920"
"48","12.448722934","2409:4064:2c8b:2eb2:1024:71cc:f5c9:863c","2404:6800:4009:822::200e","TLSv1.2","125","Application Data"
"49","12.538667061","2404:6800:4009:822::200e","2409:4064:2c8b:2eb2:1024:71cc:f5c9:863c","TCP","86","443  >  43740 [ACK] Seq=920 Ack=2940 Win=895 Len=0 TSval=3346658537 TSecr=354065858"
"50","14.126262893","2409:4064:2c8b:2eb2:1024:71cc:f5c9:863c","2404:6800:4009:825::2003","TLSv1.2","125","Application Data"
"51","14.126669062","2409:4064:2c8b:2eb2:1024:71cc:f5c9:863c","2404:6800:4009:825::2003","TLSv1.2","110","Application Data"
"52","14.126763905","2409:4064:2c8b:2eb2:1024:71cc:f5c9:863c","2404:6800:4009:825::2003","TCP","86","47582  >  443 [FIN, ACK] Seq=64 Ack=1 Win=6881 Len=0 TSval=2733358960 TSecr=1215147578"
"53","14.311194186","2404:6800:4009:825::2003","2409:4064:2c8b:2eb2:1024:71cc:f5c9:863c","TCP","98","443  >  47582 [ACK] Seq=1 Ack=1 Win=273 Len=0 TSval=1215201668 TSecr=2733305064 SLE=64 SRE=65"
"54","14.311194286","2404:6800:4009:825::2003","2409:4064:2c8b:2eb2:1024:71cc:f5c9:863c","TCP","98","443  >  47582 [ACK] Seq=1 Ack=40 Win=273 Len=0 TSval=1215201668 TSecr=2733358960 SLE=64 SRE=65"
"55","14.311194325","2404:6800:4009:825::2003","2409:4064:2c8b:2eb2:1024:71cc:f5c9:863c","TCP","86","443  >  47582 [ACK] Seq=1 Ack=65 Win=273 Len=0 TSval=1215201668 TSecr=2733358960"
"56","14.311194360","2404:6800:4009:825::2003","2409:4064:2c8b:2eb2:1024:71cc:f5c9:863c","TCP","86","443  >  47582 [FIN, ACK] Seq=1 Ack=65 Win=273 Len=0 TSval=1215201668 TSecr=2733358960"
"57","14.311239499","2409:4064:2c8b:2eb2:1024:71cc:f5c9:863c","2404:6800:4009:825::2003","TCP","86","47582  >  443 [ACK] Seq=65 Ack=2 Win=6881 Len=0 TSval=2733359145 TSecr=1215201668"
"58","15.966582760","2409:4064:2c8b:2eb2:1024:71cc:f5c9:863c","2a03:2880:f16b:81:face:b00c:0:25de","TLSv1.2","125","Application Data"
"59","16.015395784","2a03:2880:f16b:81:face:b00c:0:25de","2409:4064:2c8b:2eb2:1024:71cc:f5c9:863c","TLSv1.2","125","Application Data"
"60","16.015418476","2409:4064:2c8b:2eb2:1024:71cc:f5c9:863c","2a03:2880:f16b:81:face:b00c:0:25de","TCP","86","47292  >  443 [ACK] Seq=118 Ack=118 Win=756 Len=0 TSval=3044090337 TSecr=3711186176"
"61","16.383385067","MS-NLB-PhysServer-27_e0:4e:85:4e","Broadcast","ARP","60","Who has 192.168.5.19? Tell 192.168.5.46"
"62","16.923987981","2404:6800:4009:827::200a","2409:4064:2c8b:2eb2:1024:71cc:f5c9:863c","TLSv1.2","171","Application Data"
"63","16.924008117","2409:4064:2c8b:2eb2:1024:71cc:f5c9:863c","2404:6800:4009:827::200a","TCP","86","43998  >  443 [ACK] Seq=1 Ack=86 Win=501 Len=0 TSval=1471966697 TSecr=4255637394"
"64","17.406625437","MS-NLB-PhysServer-27_e0:4e:85:4e","Broadcast","ARP","60","Who has 192.168.5.19? Tell 192.168.5.46"
"65","19.455517187","MS-NLB-PhysServer-27_e0:4e:85:4e","Broadcast","ARP","60","Who has 192.168.5.19? Tell 192.168.5.46"
"66","20.134137830","2409:4064:2c8b:2eb2:1024:71cc:f5c9:863c","2404:6800:4009:824::200e","TLSv1.2","125","Application Data"
"67","20.134826891","2409:4064:2c8b:2eb2:1024:71cc:f5c9:863c","2404:6800:4009:824::200e","TLSv1.2","110","Application Data"
"68","20.135004051","2409:4064:2c8b:2eb2:1024:71cc:f5c9:863c","2404:6800:4009:824::200e","TCP","86","46572  >  443 [FIN, ACK] Seq=64 Ack=1 Win=501 Len=0 TSval=4059012570 TSecr=2635031453"
"69","20.253065202","2404:6800:4009:824::200e","2409:4064:2c8b:2eb2:1024:71cc:f5c9:863c","TCP","86","443  >  46572 [ACK] Seq=1 Ack=65 Win=273 Len=0 TSval=2635085433 TSecr=4059012569"
"70","20.253065287","2404:6800:4009:824::200e","2409:4064:2c8b:2eb2:1024:71cc:f5c9:863c","TCP","86","443  >  46572 [FIN, ACK] Seq=1 Ack=65 Win=273 Len=0 TSval=2635085433 TSecr=4059012569"
"71","20.253105400","2409:4064:2c8b:2eb2:1024:71cc:f5c9:863c","2404:6800:4009:824::200e","TCP","86","46572  >  443 [ACK] Seq=65 Ack=2 Win=501 Len=0 TSval=4059012688 TSecr=2635085433"
"72","21.137589171","2409:4064:2c8b:2eb2:1024:71cc:f5c9:863c","2404:6800:4009:815::2001","TLSv1.2","125","Application Data"
"73","21.138035901","2409:4064:2c8b:2eb2:1024:71cc:f5c9:863c","2404:6800:4009:815::2001","TLSv1.2","110","Application Data"
"74","21.138126397","2409:4064:2c8b:2eb2:1024:71cc:f5c9:863c","2404:6800:4009:815::2001","TCP","86","35348  >  443 [FIN, ACK] Seq=64 Ack=1 Win=501 Len=0 TSval=3250219453 TSecr=2747774169"
"75","21.249493462","2404:6800:4009:815::2001","2409:4064:2c8b:2eb2:1024:71cc:f5c9:863c","TCP","98","443  >  35348 [ACK] Seq=1 Ack=1 Win=269 Len=0 TSval=2747828121 TSecr=3250165613 SLE=64 SRE=65"
"76","21.249493752","2404:6800:4009:815::2001","2409:4064:2c8b:2eb2:1024:71cc:f5c9:863c","TCP","98","443  >  35348 [ACK] Seq=1 Ack=40 Win=269 Len=0 TSval=2747828121 TSecr=3250219453 SLE=64 SRE=65"
"77","21.249493886","2404:6800:4009:815::2001","2409:4064:2c8b:2eb2:1024:71cc:f5c9:863c","TCP","86","443  >  35348 [ACK] Seq=1 Ack=65 Win=269 Len=0 TSval=2747828121 TSecr=3250219453"
"78","21.249493999","2404:6800:4009:815::2001","2409:4064:2c8b:2eb2:1024:71cc:f5c9:863c","TCP","86","443  >  35348 [FIN, ACK] Seq=1 Ack=65 Win=269 Len=0 TSval=2747828121 TSecr=3250219453"
"79","21.249635831","2409:4064:2c8b:2eb2:1024:71cc:f5c9:863c","2404:6800:4009:815::2001","TCP","86","35348  >  443 [ACK] Seq=65 Ack=2 Win=501 Len=0 TSval=3250219565 TSecr=2747828121"
"80","21.970656812","2409:4064:2c8b:2eb2:1024:71cc:f5c9:863c","2a03:2880:f16b:81:face:b00c:0:25de","TLSv1.2","125","Application Data"
"81","22.036702508","2a03:2880:f16b:81:face:b00c:0:25de","2409:4064:2c8b:2eb2:1024:71cc:f5c9:863c","TLSv1.2","125","Application Data"
"82","22.036726926","2409:4064:2c8b:2eb2:1024:71cc:f5c9:863c","2a03:2880:f16b:81:face:b00c:0:25de","TCP","86","47292  >  443 [ACK] Seq=157 Ack=157 Win=756 Len=0 TSval=3044096358 TSecr=3711192196"
"83","22.506859074","2409:4064:2c8b:2eb2:1024:71cc:f5c9:863c","2404:6800:4002:809::2003","TLSv1.2","177","Application Data"
"84","22.595023117","2404:6800:4002:809::2003","2409:4064:2c8b:2eb2:1024:71cc:f5c9:863c","TCP","86","443  >  47336 [ACK] Seq=1 Ack=92 Win=295 Len=0 TSval=816592884 TSecr=26473703"
"85","22.672435419","2404:6800:4002:809::2003","2409:4064:2c8b:2eb2:1024:71cc:f5c9:863c","TLSv1.2","195","Application Data"
"86","22.672435513","2404:6800:4002:809::2003","2409:4064:2c8b:2eb2:1024:71cc:f5c9:863c","TLSv1.2","160","Application Data"
"87","22.672435551","2404:6800:4002:809::2003","2409:4064:2c8b:2eb2:1024:71cc:f5c9:863c","TLSv1.2","117","Application Data"
"88","22.672435586","2404:6800:4002:809::2003","2409:4064:2c8b:2eb2:1024:71cc:f5c9:863c","TLSv1.2","125","Application Data"
"89","22.672915591","2409:4064:2c8b:2eb2:1024:71cc:f5c9:863c","2404:6800:4002:809::2003","TCP","86","47336  >  443 [ACK] Seq=92 Ack=254 Win=501 Len=0 TSval=26473869 TSecr=816592951"
"90","22.673052870","2409:4064:2c8b:2eb2:1024:71cc:f5c9:863c","2404:6800:4002:809::2003","TLSv1.2","125","Application Data"
"91","22.755401768","2404:6800:4002:809::2003","2409:4064:2c8b:2eb2:1024:71cc:f5c9:863c","TCP","86","443  >  47336 [ACK] Seq=254 Ack=131 Win=295 Len=0 TSval=816593034 TSecr=26473869"
"92","24.370171179","MS-NLB-PhysServer-27_e0:4e:85:4e","Broadcast","ARP","60","Who has 192.168.5.19? Tell 192.168.5.46"
"93","25.598693075","MS-NLB-PhysServer-27_e0:4e:85:4e","Broadcast","ARP","60","Who has 192.168.5.19? Tell 192.168.5.46"
"94","26.622752820","MS-NLB-PhysServer-27_e0:4e:85:4e","Broadcast","ARP","60","Who has 192.168.5.19? Tell 192.168.5.46"
"95","26.671198766","192.168.5.120","20.44.239.154","TLSv1.2","1533","Application Data"
"96","27.976413464","2409:4064:2c8b:2eb2:1024:71cc:f5c9:863c","2a03:2880:f16b:81:face:b00c:0:25de","TLSv1.2","125","Application Data"
"97","28.187449785","2409:4064:2c8b:2eb2:1024:71cc:f5c9:863c","2404:6800:4002:809::2003","TLSv1.2","177","Application Data"
"98","28.245483837","2a03:2880:f16b:81:face:b00c:0:25de","2409:4064:2c8b:2eb2:1024:71cc:f5c9:863c","TLSv1.2","125","Application Data"
"99","28.245533683","2409:4064:2c8b:2eb2:1024:71cc:f5c9:863c","2a03:2880:f16b:81:face:b00c:0:25de","TCP","86","47292  >  443 [ACK] Seq=196 Ack=196 Win=756 Len=0 TSval=3044102567 TSecr=3711198406"
"100","28.275686537","2404:6800:4002:809::2003","2409:4064:2c8b:2eb2:1024:71cc:f5c9:863c","TCP","86","443  >  47336 [ACK] Seq=254 Ack=222 Win=295 Len=0 TSval=816598554 TSecr=26479384"
"101","28.341638563","2404:6800:4002:809::2003","2409:4064:2c8b:2eb2:1024:71cc:f5c9:863c","TLSv1.2","195","Application Data"
"102","28.341638776","2404:6800:4002:809::2003","2409:4064:2c8b:2eb2:1024:71cc:f5c9:863c","TLSv1.2","160","Application Data"
"103","28.341638891","2404:6800:4002:809::2003","2409:4064:2c8b:2eb2:1024:71cc:f5c9:863c","TLSv1.2","117","Application Data"
"104","28.341638996","2404:6800:4002:809::2003","2409:4064:2c8b:2eb2:1024:71cc:f5c9:863c","TLSv1.2","125","Application Data"
"105","28.342975370","2409:4064:2c8b:2eb2:1024:71cc:f5c9:863c","2404:6800:4002:809::2003","TCP","86","47336  >  443 [ACK] Seq=222 Ack=507 Win=501 Len=0 TSval=26479539 TSecr=816598629"
"106","28.343615806","2409:4064:2c8b:2eb2:1024:71cc:f5c9:863c","2404:6800:4002:809::2003","TLSv1.2","125","Application Data"
"107","28.416229113","2404:6800:4002:809::2003","2409:4064:2c8b:2eb2:1024:71cc:f5c9:863c","TCP","86","443  >  47336 [ACK] Seq=507 Ack=261 Win=295 Len=0 TSval=816598704 TSecr=26479540"
"108","29.143506247","2409:4064:2c8b:2eb2:1024:71cc:f5c9:863c","2404:6800:4009:80c::200e","TLSv1.2","125","Application Data"
"109","29.144002999","2409:4064:2c8b:2eb2:1024:71cc:f5c9:863c","2404:6800:4009:80c::200e","TLSv1.2","110","Application Data"
"110","29.144136892","2409:4064:2c8b:2eb2:1024:71cc:f5c9:863c","2404:6800:4009:80c::200e","TCP","86","45020  >  443 [FIN, ACK] Seq=64 Ack=1 Win=15426 Len=0 TSval=1319735135 TSecr=2351999016"
"111","29.251532077","2404:6800:4009:80c::200e","2409:4064:2c8b:2eb2:1024:71cc:f5c9:863c","TCP","98","443  >  45020 [ACK] Seq=1 Ack=1 Win=445 Len=0 TSval=2352052896 TSecr=1319681364 SLE=64 SRE=65"
"112","29.251532183","2404:6800:4009:80c::200e","2409:4064:2c8b:2eb2:1024:71cc:f5c9:863c","TCP","98","443  >  45020 [ACK] Seq=1 Ack=40 Win=445 Len=0 TSval=2352052896 TSecr=1319735135 SLE=64 SRE=65"
"113","29.251532226","2404:6800:4009:80c::200e","2409:4064:2c8b:2eb2:1024:71cc:f5c9:863c","TCP","86","443  >  45020 [ACK] Seq=1 Ack=65 Win=445 Len=0 TSval=2352052896 TSecr=1319735135"
"114","29.251532267","2404:6800:4009:80c::200e","2409:4064:2c8b:2eb2:1024:71cc:f5c9:863c","TCP","86","443  >  45020 [FIN, ACK] Seq=1 Ack=65 Win=445 Len=0 TSval=2352052897 TSecr=1319735135"
"115","29.251586589","2409:4064:2c8b:2eb2:1024:71cc:f5c9:863c","2404:6800:4009:80c::200e","TCP","86","45020  >  443 [ACK] Seq=65 Ack=2 Win=15426 Len=0 TSval=1319735243 TSecr=2352052897"
"116","32.357495564","MS-NLB-PhysServer-27_e0:4e:85:4e","Broadcast","ARP","60","Who has 192.168.5.19? Tell 192.168.5.46"
"117","33.586394747","MS-NLB-PhysServer-27_e0:4e:85:4e","Broadcast","ARP","60","Who has 192.168.5.19? Tell 192.168.5.46"
"118","33.978300762","2409:4064:2c8b:2eb2:1024:71cc:f5c9:863c","2a03:2880:f16b:81:face:b00c:0:25de","TLSv1.2","125","Application Data"
"119","34.036213798","2a03:2880:f16b:81:face:b00c:0:25de","2409:4064:2c8b:2eb2:1024:71cc:f5c9:863c","TLSv1.2","125","Application Data"
"120","34.036248585","2409:4064:2c8b:2eb2:1024:71cc:f5c9:863c","2a03:2880:f16b:81:face:b00c:0:25de","TCP","86","47292  >  443 [ACK] Seq=235 Ack=235 Win=756 Len=0 TSval=3044108358 TSecr=3711204196"
"121","34.609867455","MS-NLB-PhysServer-27_e0:4e:85:4e","Broadcast","ARP","60","Who has 192.168.5.19? Tell 192.168.5.46"
"122","37.307706535","2404:6800:4009:827::200a","2409:4064:2c8b:2eb2:1024:71cc:f5c9:863c","TLSv1.2","171","Application Data"
"123","37.307729680","2409:4064:2c8b:2eb2:1024:71cc:f5c9:863c","2404:6800:4009:827::200a","TCP","86","43998  >  443 [ACK] Seq=1 Ack=171 Win=501 Len=0 TSval=1471987081 TSecr=4255657884"
"124","39.982283220","2409:4064:2c8b:2eb2:1024:71cc:f5c9:863c","2a03:2880:f16b:81:face:b00c:0:25de","TLSv1.2","125","Application Data"
"125","40.045412459","2a03:2880:f16b:81:face:b00c:0:25de","2409:4064:2c8b:2eb2:1024:71cc:f5c9:863c","TLSv1.2","125","Application Data"
"126","40.045464474","2409:4064:2c8b:2eb2:1024:71cc:f5c9:863c","2a03:2880:f16b:81:face:b00c:0:25de","TCP","86","47292  >  443 [ACK] Seq=274 Ack=274 Win=756 Len=0 TSval=3044114367 TSecr=3711210206"
"127","40.140097233","MS-NLB-PhysServer-27_e0:4e:85:4e","Broadcast","ARP","60","Who has 192.168.5.19? Tell 192.168.5.46"
"128","41.163801251","MS-NLB-PhysServer-27_e0:4e:85:4e","Broadcast","ARP","60","Who has 192.168.5.19? Tell 192.168.5.46"
"129","43.825661762","MS-NLB-PhysServer-27_e0:4e:85:4e","Broadcast","ARP","60","Who has 192.168.5.19? Tell 192.168.5.46"
"130","45.991921806","2409:4064:2c8b:2eb2:1024:71cc:f5c9:863c","2a03:2880:f16b:81:face:b00c:0:25de","TLSv1.2","125","Application Data"
"131","46.046100618","2a03:2880:f16b:81:face:b00c:0:25de","2409:4064:2c8b:2eb2:1024:71cc:f5c9:863c","TLSv1.2","125","Application Data"
"132","46.046154865","2409:4064:2c8b:2eb2:1024:71cc:f5c9:863c","2a03:2880:f16b:81:face:b00c:0:25de","TCP","86","47292  >  443 [ACK] Seq=313 Ack=313 Win=756 Len=0 TSval=3044120367 TSecr=3711216206"
"133","48.126977529","MS-NLB-PhysServer-27_e0:4e:85:4e","Broadcast","ARP","60","Who has 192.168.5.19? Tell 192.168.5.46"
"134","49.150417161","MS-NLB-PhysServer-27_e0:4e:85:4e","Broadcast","ARP","60","Who has 192.168.5.19? Tell 192.168.5.46"
"135","50.175294492","MS-NLB-PhysServer-27_e0:4e:85:4e","Broadcast","ARP","60","Who has 192.168.5.19? Tell 192.168.5.46"
"136","51.996178648","2409:4064:2c8b:2eb2:1024:71cc:f5c9:863c","2a03:2880:f16b:81:face:b00c:0:25de","TLSv1.2","125","Application Data"
"137","52.105425786","2a03:2880:f16b:81:face:b00c:0:25de","2409:4064:2c8b:2eb2:1024:71cc:f5c9:863c","TLSv1.2","125","Application Data"
"138","52.105477768","2409:4064:2c8b:2eb2:1024:71cc:f5c9:863c","2a03:2880:f16b:81:face:b00c:0:25de","TCP","86","47292  >  443 [ACK] Seq=352 Ack=352 Win=756 Len=0 TSval=3044126427 TSecr=3711222266"
"139","55.001451432","2409:4064:2c8b:2eb2:1024:71cc:f5c9:863c","2404:6800:4009:827::200a","TLSv1.2","125","Application Data"
"140","55.104080878","2404:6800:4009:827::200a","2409:4064:2c8b:2eb2:1024:71cc:f5c9:863c","TLSv1.2","125","Application Data"
"141","55.104107576","2409:4064:2c8b:2eb2:1024:71cc:f5c9:863c","2404:6800:4009:827::200a","TCP","86","44000  >  443 [ACK] Seq=40 Ack=40 Win=501 Len=0 TSval=1472004877 TSecr=1640117416"
"142","55.119698226","2404:6800:4009:827::200a","2409:4064:2c8b:2eb2:1024:71cc:f5c9:863c","TCP","86","443  >  44000 [ACK] Seq=1 Ack=40 Win=282 Len=0 TSval=1640117416 TSecr=1472004775"
"143","55.119717194","2409:4064:2c8b:2eb2:1024:71cc:f5c9:863c","2404:6800:4009:827::200a","TCP","86","[TCP Dup ACK 141#1] 44000  >  443 [ACK] Seq=40 Ack=40 Win=501 Len=0 TSval=1472004893 TSecr=1640117416"
"144","56.114372927","MS-NLB-PhysServer-27_e0:4e:85:4e","Broadcast","ARP","60","Who has 192.168.5.19? Tell 192.168.5.46"
"145","57.137648819","MS-NLB-PhysServer-27_e0:4e:85:4e","Broadcast","ARP","60","Who has 192.168.5.19? Tell 192.168.5.46"
"146","58.007563403","2409:4064:2c8b:2eb2:1024:71cc:f5c9:863c","2a03:2880:f16b:81:face:b00c:0:25de","TLSv1.2","125","Application Data"
"147","58.087775064","2404:6800:4009:827::200a","2409:4064:2c8b:2eb2:1024:71cc:f5c9:863c","TLSv1.2","171","Application Data"
"148","58.087775357","2404:6800:4009:827::200a","2409:4064:2c8b:2eb2:1024:71cc:f5c9:863c","TLSv1.2","117","Application Data"
"149","58.087775477","2404:6800:4009:827::200a","2409:4064:2c8b:2eb2:1024:71cc:f5c9:863c","TLSv1.2","125","Application Data"
"150","58.087821448","2409:4064:2c8b:2eb2:1024:71cc:f5c9:863c","2404:6800:4009:827::200a","TCP","86","43998  >  443 [ACK] Seq=1 Ack=256 Win=501 Len=0 TSval=1472007861 TSecr=4255678574"
"151","58.088142191","2409:4064:2c8b:2eb2:1024:71cc:f5c9:863c","2404:6800:4009:827::200a","TCP","86","43998  >  443 [ACK] Seq=1 Ack=287 Win=501 Len=0 TSval=1472007861 TSecr=4255678574"
"152","58.088343262","2409:4064:2c8b:2eb2:1024:71cc:f5c9:863c","2404:6800:4009:827::200a","TCP","86","43998  >  443 [ACK] Seq=1 Ack=326 Win=501 Len=0 TSval=1472007862 TSecr=4255678574"
"153","58.089649048","2409:4064:2c8b:2eb2:1024:71cc:f5c9:863c","2404:6800:4009:827::200a","TLSv1.2","125","Application Data"
"154","58.100129706","2409:4064:2c8b:2eb2:1024:71cc:f5c9:863c","2404:6800:4009:827::200a","TLSv1.2","319","Application Data"
"155","58.116185800","2a03:2880:f16b:81:face:b00c:0:25de","2409:4064:2c8b:2eb2:1024:71cc:f5c9:863c","TLSv1.2","125","Application Data"
"156","58.116210580","2409:4064:2c8b:2eb2:1024:71cc:f5c9:863c","2a03:2880:f16b:81:face:b00c:0:25de","TCP","86","47292  >  443 [ACK] Seq=391 Ack=391 Win=756 Len=0 TSval=3044132438 TSecr=3711228276"
"157","58.161715684","MS-NLB-PhysServer-27_e0:4e:85:4e","Broadcast","ARP","60","Who has 192.168.5.19? Tell 192.168.5.46"
"158","58.172385186","2404:6800:4009:827::200a","2409:4064:2c8b:2eb2:1024:71cc:f5c9:863c","TCP","86","443  >  43998 [ACK] Seq=326 Ack=40 Win=304 Len=0 TSval=4255678781 TSecr=1472007863"
"159","58.191608399","2404:6800:4009:827::200a","2409:4064:2c8b:2eb2:1024:71cc:f5c9:863c","TCP","86","443  >  44000 [ACK] Seq=40 Ack=273 Win=286 Len=0 TSval=1640120503 TSecr=1472007873"
"160","58.404489855","2404:6800:4009:827::200a","2409:4064:2c8b:2eb2:1024:71cc:f5c9:863c","TLSv1.2","155","Application Data"
"161","58.404515559","2409:4064:2c8b:2eb2:1024:71cc:f5c9:863c","2404:6800:4009:827::200a","TCP","86","44000  >  443 [ACK] Seq=273 Ack=109 Win=501 Len=0 TSval=1472008178 TSecr=1640120711"
"162","58.406411232","2404:6800:4009:827::200a","2409:4064:2c8b:2eb2:1024:71cc:f5c9:863c","TLSv1.2","117","Application Data"
"163","58.406411330","2404:6800:4009:827::200a","2409:4064:2c8b:2eb2:1024:71cc:f5c9:863c","TLSv1.2","125","Application Data"
"164","58.406421294","2409:4064:2c8b:2eb2:1024:71cc:f5c9:863c","2404:6800:4009:827::200a","TCP","86","44000  >  443 [ACK] Seq=273 Ack=140 Win=501 Len=0 TSval=1472008180 TSecr=1640120713"
"165","58.406500625","2409:4064:2c8b:2eb2:1024:71cc:f5c9:863c","2404:6800:4009:827::200a","TCP","86","44000  >  443 [ACK] Seq=273 Ack=179 Win=501 Len=0 TSval=1472008180 TSecr=1640120713"
"166","58.406871696","2409:4064:2c8b:2eb2:1024:71cc:f5c9:863c","2404:6800:4009:827::200a","TLSv1.2","125","Application Data"
"167","58.407848316","2409:4064:2c8b:2eb2:1024:71cc:f5c9:863c","2404:6800:4009:827::200a","TLSv1.2","518","Application Data"
"168","58.501229684","2404:6800:4009:827::200a","2409:4064:2c8b:2eb2:1024:71cc:f5c9:863c","TCP","86","443  >  43998 [ACK] Seq=326 Ack=472 Win=313 Len=0 TSval=4255679109 TSecr=1472008181"
"169","58.511634997","2404:6800:4009:827::200a","2409:4064:2c8b:2eb2:1024:71cc:f5c9:863c","TCP","86","443  >  44000 [ACK] Seq=179 Ack=312 Win=286 Len=0 TSval=1640120816 TSecr=1472008180"
"170","58.844138833","2404:6800:4009:827::200a","2409:4064:2c8b:2eb2:1024:71cc:f5c9:863c","TLSv1.2","153","Application Data"
"171","58.844138906","2404:6800:4009:827::200a","2409:4064:2c8b:2eb2:1024:71cc:f5c9:863c","TLSv1.2","135","Application Data"
"172","58.844478313","2409:4064:2c8b:2eb2:1024:71cc:f5c9:863c","2404:6800:4009:827::200a","TCP","86","43998  >  443 [ACK] Seq=472 Ack=442 Win=501 Len=0 TSval=1472008618 TSecr=4255679332"
"173","63.020510819","2409:4064:2c8b:2eb2:1024:71cc:f5c9:863c","2404:6800:4009:824::200e","TLSv1.2","125","Application Data"
"174","63.135687154","2404:6800:4009:824::200e","2409:4064:2c8b:2eb2:1024:71cc:f5c9:863c","TLSv1.2","125","Application Data"
"175","63.135740345","2409:4064:2c8b:2eb2:1024:71cc:f5c9:863c","2404:6800:4009:824::200e","TCP","86","46570  >  443 [ACK] Seq=79 Ack=79 Win=501 Len=0 TSval=4059055571 TSecr=96447130"
"176","64.029385604","2409:4064:2c8b:2eb2:1024:71cc:f5c9:863c","2a03:2880:f16b:81:face:b00c:0:25de","TLSv1.2","125","Application Data"
"177","64.084814267","2a03:2880:f16b:81:face:b00c:0:25de","2409:4064:2c8b:2eb2:1024:71cc:f5c9:863c","TLSv1.2","125","Application Data"
"178","64.084836733","2409:4064:2c8b:2eb2:1024:71cc:f5c9:863c","2a03:2880:f16b:81:face:b00c:0:25de","TCP","86","47292  >  443 [ACK] Seq=430 Ack=430 Win=756 Len=0 TSval=3044138406 TSecr=3711234246"
"179","64.101131675","MS-NLB-PhysServer-27_e0:4e:85:4e","Broadcast","ARP","60","Who has 192.168.5.19? Tell 192.168.5.46"
"180","65.125819621","MS-NLB-PhysServer-27_e0:4e:85:4e","Broadcast","ARP","60","Who has 192.168.5.19? Tell 192.168.5.46"
"181","66.149362811","MS-NLB-PhysServer-27_e0:4e:85:4e","Broadcast","ARP","60","Who has 192.168.5.19? Tell 192.168.5.46"
"182","68.450916749","192.168.5.120","52.112.115.8","TLSv1.2","2259","Application Data"
"183","68.549376366","0.0.0.0","255.255.255.255","DHCP","336","DHCP Request  - Transaction ID 0x695d0f0d"
"184","70.033976452","2409:4064:2c8b:2eb2:1024:71cc:f5c9:863c","2a03:2880:f16b:81:face:b00c:0:25de","TLSv1.2","125","Application Data"
"185","70.034199087","2409:4064:2c8b:2eb2:1024:71cc:f5c9:863c","2404:6800:4002:806::200e","TLSv1.2","125","Application Data"
"186","70.093519821","2a03:2880:f16b:81:face:b00c:0:25de","2409:4064:2c8b:2eb2:1024:71cc:f5c9:863c","TLSv1.2","125","Application Data"
"187","70.093572714","2409:4064:2c8b:2eb2:1024:71cc:f5c9:863c","2a03:2880:f16b:81:face:b00c:0:25de","TCP","86","47292  >  443 [ACK] Seq=469 Ack=469 Win=756 Len=0 TSval=3044144415 TSecr=3711240254"
"188","70.112165091","2404:6800:4002:806::200e","2409:4064:2c8b:2eb2:1024:71cc:f5c9:863c","TCP","86","443  >  43328 [ACK] Seq=910 Ack=1451 Win=437 Len=0 TSval=3929341451 TSecr=104632941"
"189","70.115143198","2404:6800:4002:806::200e","2409:4064:2c8b:2eb2:1024:71cc:f5c9:863c","TLSv1.2","125","Application Data"
"190","70.115186962","2409:4064:2c8b:2eb2:1024:71cc:f5c9:863c","2404:6800:4002:806::200e","TCP","86","43328  >  443 [ACK] Seq=1451 Ack=949 Win=501 Len=0 TSval=104633021 TSecr=3929341451"
"191","71.038332011","2409:4064:2c8b:2eb2:1024:71cc:f5c9:863c","2404:6800:4009:822::200e","TLSv1.2","125","Application Data"
"192","71.142118853","2404:6800:4009:822::200e","2409:4064:2c8b:2eb2:1024:71cc:f5c9:863c","TCP","86","443  >  43740 [ACK] Seq=920 Ack=2979 Win=895 Len=0 TSval=3346717142 TSecr=354124448"
"193","71.142118919","2404:6800:4009:822::200e","2409:4064:2c8b:2eb2:1024:71cc:f5c9:863c","TLSv1.2","125","Application Data"
"194","71.142143869","2409:4064:2c8b:2eb2:1024:71cc:f5c9:863c","2404:6800:4009:822::200e","TCP","86","43740  >  443 [ACK] Seq=2979 Ack=959 Win=807 Len=0 TSval=354124551 TSecr=3346717142"
"195","72.306060474","2409:4064:2c8b:2eb2:1024:71cc:f5c9:863c","2409:4064:2c8b:2eb2::42","DNS","93","Standard query 0xb311 AAAA aa.google.com"
"196","72.357123661","2409:4064:2c8b:2eb2::42","2409:4064:2c8b:2eb2:1024:71cc:f5c9:863c","DNS","142","Standard query response 0xb311 AAAA aa.google.com CNAME www3.l.google.com AAAA 2404:6800:4009:80c::200e"
"197","72.357743289","2409:4064:2c8b:2eb2:1024:71cc:f5c9:863c","2404:6800:4009:80c::200e","TCP","94","45072  >  443 [SYN] Seq=0 Win=64800 Len=0 MSS=1440 SACK_PERM=1 TSval=1319778349 TSecr=0 WS=128"
"198","72.448548660","2404:6800:4009:80c::200e","2409:4064:2c8b:2eb2:1024:71cc:f5c9:863c","TCP","94","443  >  45072 [SYN, ACK] Seq=0 Ack=1 Win=65535 Len=0 MSS=1370 SACK_PERM=1 TSval=426087667 TSecr=1319778349 WS=256"
"199","72.448606030","2409:4064:2c8b:2eb2:1024:71cc:f5c9:863c","2404:6800:4009:80c::200e","TCP","86","45072  >  443 [ACK] Seq=1 Ack=1 Win=64896 Len=0 TSval=1319778440 TSecr=426087667"
"200","72.451228946","2409:4064:2c8b:2eb2:1024:71cc:f5c9:863c","2404:6800:4009:80c::200e","TLSv1.3","603","Client Hello"
"201","72.538631561","2404:6800:4009:80c::200e","2409:4064:2c8b:2eb2:1024:71cc:f5c9:863c","TCP","86","443  >  45072 [ACK] Seq=1 Ack=518 Win=66816 Len=0 TSval=426087757 TSecr=1319778443"
"202","72.616142060","2404:6800:4009:80c::200e","2409:4064:2c8b:2eb2:1024:71cc:f5c9:863c","TLSv1.3","6738","Server Hello, Change Cipher Spec, Application Data"
"203","72.616194887","2409:4064:2c8b:2eb2:1024:71cc:f5c9:863c","2404:6800:4009:80c::200e","TCP","86","45072  >  443 [ACK] Seq=518 Ack=6653 Win=59648 Len=0 TSval=1319778607 TSecr=426087818"
"204","72.621374371","2409:4064:2c8b:2eb2:1024:71cc:f5c9:863c","2404:6800:4009:80c::200e","TLSv1.3","150","Change Cipher Spec, Application Data"
"205","72.622252943","2409:4064:2c8b:2eb2:1024:71cc:f5c9:863c","2404:6800:4009:80c::200e","TLSv1.3","256","Application Data"
"206","72.622362259","2409:4064:2c8b:2eb2:1024:71cc:f5c9:863c","2404:6800:4009:80c::200e","TLSv1.3","1092","Application Data"
"207","72.622704145","2409:4064:2c8b:2eb2:1024:71cc:f5c9:863c","2404:6800:4009:80c::200e","TLSv1.3","185","Application Data"
"208","72.710146823","2404:6800:4009:80c::200e","2409:4064:2c8b:2eb2:1024:71cc:f5c9:863c","TCP","86","443  >  45072 [ACK] Seq=6653 Ack=582 Win=66816 Len=0 TSval=426087927 TSecr=1319778613"
"209","72.710146904","2404:6800:4009:80c::200e","2409:4064:2c8b:2eb2:1024:71cc:f5c9:863c","TCP","86","443  >  45072 [ACK] Seq=6653 Ack=752 Win=67840 Len=0 TSval=426087927 TSecr=1319778614"
"210","72.710146942","2404:6800:4009:80c::200e","2409:4064:2c8b:2eb2:1024:71cc:f5c9:863c","TCP","86","443  >  45072 [ACK] Seq=6653 Ack=1758 Win=70656 Len=0 TSval=426087927 TSecr=1319778614"
"211","72.710501240","2404:6800:4009:80c::200e","2409:4064:2c8b:2eb2:1024:71cc:f5c9:863c","TLSv1.3","148","Application Data"
"212","72.710501304","2404:6800:4009:80c::200e","2409:4064:2c8b:2eb2:1024:71cc:f5c9:863c","TLSv1.3","117","Application Data"
"213","72.710514222","2409:4064:2c8b:2eb2:1024:71cc:f5c9:863c","2404:6800:4009:80c::200e","TCP","86","45072  >  443 [ACK] Seq=1857 Ack=6715 Win=64128 Len=0 TSval=1319778702 TSecr=426087927"
"214","72.710640347","2409:4064:2c8b:2eb2:1024:71cc:f5c9:863c","2404:6800:4009:80c::200e","TCP","86","45072  >  443 [ACK] Seq=1857 Ack=6746 Win=64128 Len=0 TSval=1319778702 TSecr=426087927"
"215","72.710838136","2409:4064:2c8b:2eb2:1024:71cc:f5c9:863c","2404:6800:4009:80c::200e","TLSv1.3","117","Application Data"
"216","72.718092300","2404:6800:4009:80c::200e","2409:4064:2c8b:2eb2:1024:71cc:f5c9:863c","TCP","86","443  >  45072 [ACK] Seq=6746 Ack=1857 Win=70656 Len=0 TSval=426087934 TSecr=1319778614"
"217","72.805927478","2404:6800:4009:80c::200e","2409:4064:2c8b:2eb2:1024:71cc:f5c9:863c","TCP","86","443  >  45072 [ACK] Seq=6746 Ack=1888 Win=70656 Len=0 TSval=426088022 TSecr=1319778702"
"218","72.811172892","2404:6800:4009:80c::200e","2409:4064:2c8b:2eb2:1024:71cc:f5c9:863c","TLSv1.3","713","Application Data"
"219","72.811172987","2404:6800:4009:80c::200e","2409:4064:2c8b:2eb2:1024:71cc:f5c9:863c","TLSv1.3","1294","Application Data"
"220","72.811188571","2409:4064:2c8b:2eb2:1024:71cc:f5c9:863c","2404:6800:4009:80c::200e","TCP","86","45072  >  443 [ACK] Seq=1888 Ack=7373 Win=64128 Len=0 TSval=1319778802 TSecr=426088028"
"221","72.811311725","2409:4064:2c8b:2eb2:1024:71cc:f5c9:863c","2404:6800:4009:80c::200e","TCP","86","45072  >  443 [ACK] Seq=1888 Ack=8581 Win=63488 Len=0 TSval=1319778803 TSecr=426088028"
"222","72.811859186","2404:6800:4009:80c::200e","2409:4064:2c8b:2eb2:1024:71cc:f5c9:863c","TLSv1.3","2502","Application Data, Application Data"
"223","72.811866517","2409:4064:2c8b:2eb2:1024:71cc:f5c9:863c","2404:6800:4009:80c::200e","TCP","86","45072  >  443 [ACK] Seq=1888 Ack=10997 Win=63488 Len=0 TSval=1319778803 TSecr=426088031"
"224","72.816888574","2404:6800:4009:80c::200e","2409:4064:2c8b:2eb2:1024:71cc:f5c9:863c","TLSv1.3","1294","Application Data"
"225","72.816902865","2409:4064:2c8b:2eb2:1024:71cc:f5c9:863c","2404:6800:4009:80c::200e","TCP","86","45072  >  443 [ACK] Seq=1888 Ack=12205 Win=64128 Len=0 TSval=1319778808 TSecr=426088037"
"226","72.817146315","2404:6800:4009:80c::200e","2409:4064:2c8b:2eb2:1024:71cc:f5c9:863c","TLSv1.3","1294","Application Data"
"227","72.817153343","2409:4064:2c8b:2eb2:1024:71cc:f5c9:863c","2404:6800:4009:80c::200e","TCP","86","45072  >  443 [ACK] Seq=1888 Ack=13413 Win=64128 Len=0 TSval=1319778808 TSecr=426088037"
"228","72.822965691","2404:6800:4009:80c::200e","2409:4064:2c8b:2eb2:1024:71cc:f5c9:863c","TLSv1.3","1294","Application Data"
"229","72.822976489","2409:4064:2c8b:2eb2:1024:71cc:f5c9:863c","2404:6800:4009:80c::200e","TCP","86","45072  >  443 [ACK] Seq=1888 Ack=14621 Win=64128 Len=0 TSval=1319778814 TSecr=426088042"
"230","72.823302956","2404:6800:4009:80c::200e","2409:4064:2c8b:2eb2:1024:71cc:f5c9:863c","TLSv1.3","1294","Application Data"
"231","72.823310338","2409:4064:2c8b:2eb2:1024:71cc:f5c9:863c","2404:6800:4009:80c::200e","TCP","86","45072  >  443 [ACK] Seq=1888 Ack=15829 Win=63488 Len=0 TSval=1319778815 TSecr=426088042"
"232","72.826920340","2404:6800:4009:80c::200e","2409:4064:2c8b:2eb2:1024:71cc:f5c9:863c","TLSv1.3","1294","Application Data"
"233","72.826930743","2409:4064:2c8b:2eb2:1024:71cc:f5c9:863c","2404:6800:4009:80c::200e","TCP","86","45072  >  443 [ACK] Seq=1888 Ack=17037 Win=64128 Len=0 TSval=1319778818 TSecr=426088048"
"234","72.828088582","2404:6800:4009:80c::200e","2409:4064:2c8b:2eb2:1024:71cc:f5c9:863c","TLSv1.3","1294","Application Data"
"235","72.833160829","2404:6800:4009:80c::200e","2409:4064:2c8b:2eb2:1024:71cc:f5c9:863c","TLSv1.3","1294","Application Data"
"236","72.833175301","2409:4064:2c8b:2eb2:1024:71cc:f5c9:863c","2404:6800:4009:80c::200e","TCP","86","45072  >  443 [ACK] Seq=1888 Ack=19453 Win=64128 Len=0 TSval=1319778824 TSecr=426088048"
"237","72.836127060","2404:6800:4009:80c::200e","2409:4064:2c8b:2eb2:1024:71cc:f5c9:863c","TLSv1.3","1294","Application Data"
"238","72.840457057","2404:6800:4009:80c::200e","2409:4064:2c8b:2eb2:1024:71cc:f5c9:863c","TLSv1.3","415","Application Data, Application Data, Application Data"
"239","72.840475364","2409:4064:2c8b:2eb2:1024:71cc:f5c9:863c","2404:6800:4009:80c::200e","TCP","86","45072  >  443 [ACK] Seq=1888 Ack=20990 Win=64128 Len=0 TSval=1319778832 TSecr=426088054"
"240","72.840922994","2409:4064:2c8b:2eb2:1024:71cc:f5c9:863c","2404:6800:4009:80c::200e","TLSv1.3","125","Application Data"
"241","72.848560198","2409:4064:2c8b:2eb2:1024:71cc:f5c9:863c","2409:4064:2c8b:2eb2::42","DNS","94","Standard query 0x9b49 AAAA www.google.com"
"242","72.878104176","2409:4064:2c8b:2eb2::42","2409:4064:2c8b:2eb2:1024:71cc:f5c9:863c","DNS","122","Standard query response 0x9b49 AAAA www.google.com AAAA 2404:6800:4002:80f::2004"
"243","72.878946828","2409:4064:2c8b:2eb2:1024:71cc:f5c9:863c","2404:6800:4002:80f::2004","TCP","94","46936  >  443 [SYN] Seq=0 Win=64800 Len=0 MSS=1440 SACK_PERM=1 TSval=3341639641 TSecr=0 WS=128"
"244","72.930789706","2404:6800:4009:80c::200e","2409:4064:2c8b:2eb2:1024:71cc:f5c9:863c","TCP","86","443  >  45072 [ACK] Seq=20990 Ack=1927 Win=70656 Len=0 TSval=426088152 TSecr=1319778832"
"245","72.940786210","2404:6800:4002:80f::2004","2409:4064:2c8b:2eb2:1024:71cc:f5c9:863c","TCP","94","443  >  46936 [SYN, ACK] Seq=0 Ack=1 Win=65535 Len=0 MSS=1370 SACK_PERM=1 TSval=1647397671 TSecr=3341639641 WS=256"
"246","72.940842106","2409:4064:2c8b:2eb2:1024:71cc:f5c9:863c","2404:6800:4002:80f::2004","TCP","86","46936  >  443 [ACK] Seq=1 Ack=1 Win=64896 Len=0 TSval=3341639703 TSecr=1647397671"
"247","72.943383962","2409:4064:2c8b:2eb2:1024:71cc:f5c9:863c","2404:6800:4002:80f::2004","TLSv1.3","603","Client Hello"
"248","73.009951611","2404:6800:4002:80f::2004","2409:4064:2c8b:2eb2:1024:71cc:f5c9:863c","TCP","86","443  >  46936 [ACK] Seq=1 Ack=518 Win=66816 Len=0 TSval=1647397741 TSecr=3341639706"
"249","73.079600096","2404:6800:4002:80f::2004","2409:4064:2c8b:2eb2:1024:71cc:f5c9:863c","TLSv1.3","1294","Server Hello, Change Cipher Spec"
"250","73.079641993","2409:4064:2c8b:2eb2:1024:71cc:f5c9:863c","2404:6800:4002:80f::2004","TCP","86","46936  >  443 [ACK] Seq=518 Ack=1209 Win=64128 Len=0 TSval=3341639842 TSecr=1647397809"
"251","73.080333717","2404:6800:4002:80f::2004","2409:4064:2c8b:2eb2:1024:71cc:f5c9:863c","TCP","1294","443  >  46936 [ACK] Seq=1209 Ack=518 Win=66816 Len=1208 TSval=1647397809 TSecr=3341639706 [TCP segment of a reassembled PDU]"
"252","73.080364430","2409:4064:2c8b:2eb2:1024:71cc:f5c9:863c","2404:6800:4002:80f::2004","TCP","86","46936  >  443 [ACK] Seq=518 Ack=2417 Win=63488 Len=0 TSval=3341639843 TSecr=1647397809"
"253","73.082283517","2404:6800:4002:80f::2004","2409:4064:2c8b:2eb2:1024:71cc:f5c9:863c","TLSv1.3","1958","Application Data"
"254","73.082309864","2409:4064:2c8b:2eb2:1024:71cc:f5c9:863c","2404:6800:4002:80f::2004","TCP","86","46936  >  443 [ACK] Seq=518 Ack=4289 Win=63488 Len=0 TSval=3341639845 TSecr=1647397809"
"255","73.092586752","2409:4064:2c8b:2eb2:1024:71cc:f5c9:863c","2404:6800:4002:80f::2004","TLSv1.3","150","Change Cipher Spec, Application Data"
"256","73.093896131","2409:4064:2c8b:2eb2:1024:71cc:f5c9:863c","2404:6800:4002:80f::2004","TLSv1.3","256","Application Data"
"257","73.094213090","2409:4064:2c8b:2eb2:1024:71cc:f5c9:863c","2404:6800:4002:80f::2004","TLSv1.3","1049","Application Data"
"258","73.156790526","2404:6800:4002:80f::2004","2409:4064:2c8b:2eb2:1024:71cc:f5c9:863c","TCP","86","443  >  46936 [ACK] Seq=4289 Ack=582 Win=66816 Len=0 TSval=1647397886 TSecr=3341639855"
"259","73.156790644","2404:6800:4002:80f::2004","2409:4064:2c8b:2eb2:1024:71cc:f5c9:863c","TCP","86","443  >  46936 [ACK] Seq=4289 Ack=752 Win=67840 Len=0 TSval=1647397886 TSecr=3341639856"
"260","73.156790712","2404:6800:4002:80f::2004","2409:4064:2c8b:2eb2:1024:71cc:f5c9:863c","TCP","86","443  >  46936 [ACK] Seq=4289 Ack=1715 Win=70656 Len=0 TSval=1647397886 TSecr=3341639857"
"261","73.161328776","2404:6800:4002:80f::2004","2409:4064:2c8b:2eb2:1024:71cc:f5c9:863c","TLSv1.3","714","[TCP Previous segment not captured] , Application Data"
"262","73.161328869","2404:6800:4002:80f::2004","2409:4064:2c8b:2eb2:1024:71cc:f5c9:863c","TLSv1.3","1294","Application Data"
"263","73.161328939","2404:6800:4002:80f::2004","2409:4064:2c8b:2eb2:1024:71cc:f5c9:863c","TLSv1.3","4918","Application Data, Application Data, Application Data, Application Data"
"264","73.161365097","2409:4064:2c8b:2eb2:1024:71cc:f5c9:863c","2404:6800:4002:80f::2004","TCP","98","[TCP Dup ACK 254#1] 46936  >  443 [ACK] Seq=1715 Ack=4289 Win=64128 Len=0 TSval=3341639924 TSecr=1647397886 SLE=4351 SRE=4979"
"265","73.161552956","2409:4064:2c8b:2eb2:1024:71cc:f5c9:863c","2404:6800:4002:80f::2004","TCP","98","[TCP Dup ACK 254#2] 46936  >  443 [ACK] Seq=1715 Ack=4289 Win=64128 Len=0 TSval=3341639924 TSecr=1647397886 SLE=4351 SRE=6187"
"266","73.161690393","2409:4064:2c8b:2eb2:1024:71cc:f5c9:863c","2404:6800:4002:80f::2004","TCP","98","[TCP Dup ACK 254#3] 46936  >  443 [ACK] Seq=1715 Ack=4289 Win=64128 Len=0 TSval=3341639924 TSecr=1647397886 SLE=4351 SRE=11019"
"267","73.164708983","2404:6800:4002:80f::2004","2409:4064:2c8b:2eb2:1024:71cc:f5c9:863c","TLSv1.3","2502","Application Data, Application Data"
"268","73.164744476","2409:4064:2c8b:2eb2:1024:71cc:f5c9:863c","2404:6800:4002:80f::2004","TCP","98","[TCP Dup ACK 254#4] 46936  >  443 [ACK] Seq=1715 Ack=4289 Win=64128 Len=0 TSval=3341639927 TSecr=1647397886 SLE=4351 SRE=13435"
"269","73.166537879","2404:6800:4002:80f::2004","2409:4064:2c8b:2eb2:1024:71cc:f5c9:863c","TLSv1.3","148","[TCP Fast Retransmission] , Application Data"
"270","73.166627319","2409:4064:2c8b:2eb2:1024:71cc:f5c9:863c","2404:6800:4002:80f::2004","TCP","86","46936  >  443 [ACK] Seq=1715 Ack=13435 Win=57216 Len=0 TSval=3341639929 TSecr=1647397886"
"271","73.166989674","2409:4064:2c8b:2eb2:1024:71cc:f5c9:863c","2404:6800:4002:80f::2004","TLSv1.3","117","Application Data"
"272","73.168515716","2404:6800:4002:80f::2004","2409:4064:2c8b:2eb2:1024:71cc:f5c9:863c","TLSv1.3","2502","Application Data, Application Data"
"273","73.168536815","2409:4064:2c8b:2eb2:1024:71cc:f5c9:863c","2404:6800:4002:80f::2004","TCP","86","46936  >  443 [ACK] Seq=1746 Ack=15851 Win=63488 Len=0 TSval=3341639931 TSecr=1647397895"
"274","73.172312137","2404:6800:4002:80f::2004","2409:4064:2c8b:2eb2:1024:71cc:f5c9:863c","TLSv1.3","2502","Application Data, Application Data"
"275","73.172327517","2409:4064:2c8b:2eb2:1024:71cc:f5c9:863c","2404:6800:4002:80f::2004","TCP","86","46936  >  443 [ACK] Seq=1746 Ack=18267 Win=63488 Len=0 TSval=3341639935 TSecr=1647397899"
"276","73.176288253","2404:6800:4002:80f::2004","2409:4064:2c8b:2eb2:1024:71cc:f5c9:863c","TLSv1.3","1007","Application Data, Application Data"
"277","73.176306527","2409:4064:2c8b:2eb2:1024:71cc:f5c9:863c","2404:6800:4002:80f::2004","TCP","86","46936  >  443 [ACK] Seq=1746 Ack=19188 Win=64128 Len=0 TSval=3341639939 TSecr=1647397904"
"278","73.176773409","2409:4064:2c8b:2eb2:1024:71cc:f5c9:863c","2404:6800:4002:80f::2004","TLSv1.3","125","Application Data"
"279","73.190472754","2409:4064:2c8b:2eb2:1024:71cc:f5c9:863c","2404:6800:4009:822::200e","TLSv1.2","308","Application Data"
"280","73.232407979","2404:6800:4002:80f::2004","2409:4064:2c8b:2eb2:1024:71cc:f5c9:863c","TCP","148","[TCP Out-Of-Order] 443  >  46936 [PSH, ACK] Seq=4289 Ack=1715 Win=70656 Len=62 TSval=1647397951 TSecr=3341639924"
"281","73.232428118","2409:4064:2c8b:2eb2:1024:71cc:f5c9:863c","2404:6800:4002:80f::2004","TCP","98","[TCP Dup ACK 277#1] 46936  >  443 [ACK] Seq=1785 Ack=19188 Win=64128 Len=0 TSval=3341639995 TSecr=1647397904 SLE=4289 SRE=4351"
"282","73.238926148","2404:6800:4002:80f::2004","2409:4064:2c8b:2eb2:1024:71cc:f5c9:863c","TCP","86","443  >  46936 [ACK] Seq=19188 Ack=1746 Win=70656 Len=0 TSval=1647397966 TSecr=3341639929"
"283","73.244634618","2404:6800:4002:80f::2004","2409:4064:2c8b:2eb2:1024:71cc:f5c9:863c","TCP","86","443  >  46936 [ACK] Seq=19188 Ack=1785 Win=70656 Len=0 TSval=1647397971 TSecr=3341639939"
"284","73.266640772","2404:6800:4009:822::200e","2409:4064:2c8b:2eb2:1024:71cc:f5c9:863c","TLSv1.2","297","Application Data"
"285","73.266641041","2404:6800:4009:822::200e","2409:4064:2c8b:2eb2:1024:71cc:f5c9:863c","TLSv1.2","132","Application Data"
"286","73.266641149","2404:6800:4009:822::200e","2409:4064:2c8b:2eb2:1024:71cc:f5c9:863c","TLSv1.2","125","Application Data"
"287","73.266702301","2409:4064:2c8b:2eb2:1024:71cc:f5c9:863c","2404:6800:4009:822::200e","TCP","86","43740  >  443 [ACK] Seq=3201 Ack=1170 Win=826 Len=0 TSval=354126676 TSecr=3346719263"
"288","73.266995041","2409:4064:2c8b:2eb2:1024:71cc:f5c9:863c","2404:6800:4009:822::200e","TCP","86","43740  >  443 [ACK] Seq=3201 Ack=1216 Win=826 Len=0 TSval=354126676 TSecr=3346719263"
"289","73.267241002","2409:4064:2c8b:2eb2:1024:71cc:f5c9:863c","2404:6800:4009:822::200e","TCP","86","43740  >  443 [ACK] Seq=3201 Ack=1255 Win=826 Len=0 TSval=354126677 TSecr=3346719263"
"290","73.268176319","2409:4064:2c8b:2eb2:1024:71cc:f5c9:863c","2404:6800:4009:822::200e","TLSv1.2","125","Application Data"
"291","73.367169240","2404:6800:4009:822::200e","2409:4064:2c8b:2eb2:1024:71cc:f5c9:863c","TCP","86","443  >  43740 [ACK] Seq=1255 Ack=3240 Win=906 Len=0 TSval=3346719365 TSecr=354126677"
"292","73.753326520","2409:4064:2c8b:2eb2:1024:71cc:f5c9:863c","2404:6800:4002:806::200e","TLSv1.2","376","Application Data"
"293","73.753504919","2409:4064:2c8b:2eb2:1024:71cc:f5c9:863c","2404:6800:4002:806::200e","TLSv1.2","754","Application Data"
"294","73.753682248","2409:4064:2c8b:2eb2:1024:71cc:f5c9:863c","2404:6800:4002:806::200e","TLSv1.2","1200","Application Data"
"295","73.854759592","2404:6800:4002:806::200e","2409:4064:2c8b:2eb2:1024:71cc:f5c9:863c","TCP","86","443  >  43328 [ACK] Seq=949 Ack=2409 Win=458 Len=0 TSval=3929345191 TSecr=104636660"
"296","73.861029501","2404:6800:4002:806::200e","2409:4064:2c8b:2eb2:1024:71cc:f5c9:863c","TCP","86","443  >  43328 [ACK] Seq=949 Ack=3523 Win=469 Len=0 TSval=3929345196 TSecr=104636660"
"297","73.986098519","2404:6800:4002:806::200e","2409:4064:2c8b:2eb2:1024:71cc:f5c9:863c","TLSv1.2","466","Application Data"
"298","73.986098614","2404:6800:4002:806::200e","2409:4064:2c8b:2eb2:1024:71cc:f5c9:863c","TLSv1.2","446","Application Data"
"299","73.986119026","2409:4064:2c8b:2eb2:1024:71cc:f5c9:863c","2404:6800:4002:806::200e","TCP","86","43328  >  443 [ACK] Seq=3523 Ack=1329 Win=501 Len=0 TSval=104636892 TSecr=3929345326"
"300","73.986236567","2409:4064:2c8b:2eb2:1024:71cc:f5c9:863c","2404:6800:4002:806::200e","TCP","86","43328  >  443 [ACK] Seq=3523 Ack=1689 Win=501 Len=0 TSval=104636893 TSecr=3929345326"
"301","73.989308716","2404:6800:4002:806::200e","2409:4064:2c8b:2eb2:1024:71cc:f5c9:863c","TLSv1.2","149","Application Data"
"302","73.989308784","2404:6800:4002:806::200e","2409:4064:2c8b:2eb2:1024:71cc:f5c9:863c","TLSv1.2","125","Application Data"
"303","73.989321788","2409:4064:2c8b:2eb2:1024:71cc:f5c9:863c","2404:6800:4002:806::200e","TCP","86","43328  >  443 [ACK] Seq=3523 Ack=1752 Win=501 Len=0 TSval=104636896 TSecr=3929345329"
"304","73.989436674","2409:4064:2c8b:2eb2:1024:71cc:f5c9:863c","2404:6800:4002:806::200e","TCP","86","43328  >  443 [ACK] Seq=3523 Ack=1791 Win=501 Len=0 TSval=104636896 TSecr=3929345329"
"305","73.989642510","2409:4064:2c8b:2eb2:1024:71cc:f5c9:863c","2404:6800:4002:806::200e","TLSv1.2","125","Application Data"
"306","74.052023816","2404:6800:4002:806::200e","2409:4064:2c8b:2eb2:1024:71cc:f5c9:863c","TCP","86","443  >  43328 [ACK] Seq=1791 Ack=3562 Win=469 Len=0 TSval=3929345393 TSecr=104636896"
"307","75.307570977","2409:4064:2c8b:2eb2:1024:71cc:f5c9:863c","2a03:2880:f16b:81:face:b00c:0:25de","TLSv1.2","125","Application Data"
"308","75.365665699","2a03:2880:f16b:81:face:b00c:0:25de","2409:4064:2c8b:2eb2:1024:71cc:f5c9:863c","TLSv1.2","125","Application Data"
"309","75.365717738","2409:4064:2c8b:2eb2:1024:71cc:f5c9:863c","2a03:2880:f16b:81:face:b00c:0:25de","TCP","86","47292  >  443 [ACK] Seq=508 Ack=508 Win=756 Len=0 TSval=3044149687 TSecr=3711245526"
"310","76.318205286","2409:4064:2c8b:2eb2:1024:71cc:f5c9:863c","2a03:2880:f16b:81:face:b00c:0:25de","TLSv1.2","523","Application Data"
"311","76.318505880","2409:4064:2c8b:2eb2:1024:71cc:f5c9:863c","2a03:2880:f16b:81:face:b00c:0:25de","TLSv1.2","1221","Application Data"
"312","76.318757307","2409:4064:2c8b:2eb2:1024:71cc:f5c9:863c","2a03:2880:f16b:81:face:b00c:0:25de","TLSv1.2","1382","Application Data"
"313","76.385793551","2a03:2880:f16b:81:face:b00c:0:25de","2409:4064:2c8b:2eb2:1024:71cc:f5c9:863c","TLSv1.2","121","Application Data"
"314","76.385866903","2409:4064:2c8b:2eb2:1024:71cc:f5c9:863c","2a03:2880:f16b:81:face:b00c:0:25de","TCP","86","47292  >  443 [ACK] Seq=3376 Ack=543 Win=756 Len=0 TSval=3044150707 TSecr=3711246547"
"315","76.388797144","2a03:2880:f16b:81:face:b00c:0:25de","2409:4064:2c8b:2eb2:1024:71cc:f5c9:863c","TCP","86","443  >  47292 [ACK] Seq=543 Ack=3376 Win=602 Len=0 TSval=3711246548 TSecr=3044150640"
"316","76.707303848","2a03:2880:f16b:81:face:b00c:0:25de","2409:4064:2c8b:2eb2:1024:71cc:f5c9:863c","TLSv1.2","257","Application Data"
"317","76.707337704","2409:4064:2c8b:2eb2:1024:71cc:f5c9:863c","2a03:2880:f16b:81:face:b00c:0:25de","TCP","86","47292  >  443 [ACK] Seq=3376 Ack=714 Win=777 Len=0 TSval=3044151029 TSecr=3711246780"
"318","76.720451462","2a03:2880:f16b:81:face:b00c:0:25de","2409:4064:2c8b:2eb2:1024:71cc:f5c9:863c","TLSv1.2","257","[TCP Spurious Retransmission] , Application Data"
"319","76.720473470","2409:4064:2c8b:2eb2:1024:71cc:f5c9:863c","2a03:2880:f16b:81:face:b00c:0:25de","TCP","98","[TCP Dup ACK 317#1] 47292  >  443 [ACK] Seq=3376 Ack=714 Win=777 Len=0 TSval=3044151042 TSecr=3711246882 SLE=543 SRE=714"
"320","77.506254933","fe80::20c:29ff:fecf:3bd4","2409:4064:2c8b:2eb2::42","ICMPv6","86","Neighbor Solicitation for 2409:4064:2c8b:2eb2::42 from 00:0c:29:cf:3b:d4"
"321","77.509954202","2409:4064:2c8b:2eb2::42","fe80::20c:29ff:fecf:3bd4","ICMPv6","78","Neighbor Advertisement 2409:4064:2c8b:2eb2::42 (rtr, sol)"
"322","77.610794593","fe80::1b:e0ff:fe4e:854e","2409:4064:2c8b:2eb2:1024:71cc:f5c9:863c","ICMPv6","86","Neighbor Solicitation for 2409:4064:2c8b:2eb2:1024:71cc:f5c9:863c from 02:1b:e0:4e:85:4e"
"323","77.610920624","2409:4064:2c8b:2eb2:1024:71cc:f5c9:863c","fe80::1b:e0ff:fe4e:854e","ICMPv6","78","Neighbor Advertisement 2409:4064:2c8b:2eb2:1024:71cc:f5c9:863c (sol)"
"324","78.364864873","2404:6800:4009:827::200a","2409:4064:2c8b:2eb2:1024:71cc:f5c9:863c","TLSv1.2","171","Application Data"
"325","78.409235587","2409:4064:2c8b:2eb2:1024:71cc:f5c9:863c","2404:6800:4009:827::200a","TCP","86","43998  >  443 [ACK] Seq=472 Ack=527 Win=501 Len=0 TSval=1472028183 TSecr=4255698761"
"326","82.311403997","2409:4064:2c8b:2eb2:1024:71cc:f5c9:863c","2a03:2880:f16b:81:face:b00c:0:25de","TLSv1.2","125","Application Data"
"327","82.415636545","2a03:2880:f16b:81:face:b00c:0:25de","2409:4064:2c8b:2eb2:1024:71cc:f5c9:863c","TLSv1.2","125","Application Data"
"328","82.415688656","2409:4064:2c8b:2eb2:1024:71cc:f5c9:863c","2a03:2880:f16b:81:face:b00c:0:25de","TCP","86","47292  >  443 [ACK] Seq=3415 Ack=753 Win=777 Len=0 TSval=3044156737 TSecr=3711252576"
"329","83.036685267","fe80::1b:e0ff:fe4e:854e","fe80::20c:29ff:fecf:3bd4","ICMPv6","86","Neighbor Solicitation for fe80::20c:29ff:fecf:3bd4 from 02:1b:e0:4e:85:4e"
"330","83.036818841","fe80::20c:29ff:fecf:3bd4","fe80::1b:e0ff:fe4e:854e","ICMPv6","78","Neighbor Advertisement fe80::20c:29ff:fecf:3bd4 (sol)"
"331","85.779595359","2409:4064:2c8b:2eb2:1024:71cc:f5c9:863c","2a03:2880:f16b:81:face:b00c:0:25de","TLSv1.2","192","Application Data"
"332","85.779769608","2409:4064:2c8b:2eb2:1024:71cc:f5c9:863c","2a03:2880:f16b:81:face:b00c:0:25de","TLSv1.2","646","Application Data"
"333","85.834376109","2a03:2880:f16b:81:face:b00c:0:25de","2409:4064:2c8b:2eb2:1024:71cc:f5c9:863c","TCP","86","443  >  47292 [ACK] Seq=753 Ack=4081 Win=613 Len=0 TSval=3711255996 TSecr=3044160101"
"334","85.836273629","2a03:2880:f16b:81:face:b00c:0:25de","2409:4064:2c8b:2eb2:1024:71cc:f5c9:863c","TLSv1.2","121","Application Data"
"335","85.836290311","2409:4064:2c8b:2eb2:1024:71cc:f5c9:863c","2a03:2880:f16b:81:face:b00c:0:25de","TCP","86","47292  >  443 [ACK] Seq=4081 Ack=788 Win=777 Len=0 TSval=3044160158 TSecr=3711255997"
"336","86.066977700","2a03:2880:f16b:81:face:b00c:0:25de","2409:4064:2c8b:2eb2:1024:71cc:f5c9:863c","TLSv1.2","373","Application Data"
"337","86.067040002","2409:4064:2c8b:2eb2:1024:71cc:f5c9:863c","2a03:2880:f16b:81:face:b00c:0:25de","TCP","86","47292  >  443 [ACK] Seq=4081 Ack=1075 Win=798 Len=0 TSval=3044160388 TSecr=3711256227"
"338","87.315823143","2409:4064:2c8b:2eb2:1024:71cc:f5c9:863c","2404:6800:4002:809::2003","TLSv1.2","125","Application Data"
"339","87.385216415","2404:6800:4002:809::2003","2409:4064:2c8b:2eb2:1024:71cc:f5c9:863c","TLSv1.2","125","Application Data"
"340","87.386515081","2404:6800:4002:809::2003","2409:4064:2c8b:2eb2:1024:71cc:f5c9:863c","TCP","86","443  >  47336 [ACK] Seq=507 Ack=300 Win=295 Len=0 TSval=816657674 TSecr=26538512"
"341","87.431697181","2409:4064:2c8b:2eb2:1024:71cc:f5c9:863c","2404:6800:4002:809::2003","TCP","86","47336  >  443 [ACK] Seq=300 Ack=546 Win=501 Len=0 TSval=26538628 TSecr=816657674"
"342","87.652846270","MS-NLB-PhysServer-27_e0:4e:85:4e","Broadcast","ARP","60","Who has 192.168.5.19? Tell 192.168.5.46"
"343","88.881613574","MS-NLB-PhysServer-27_e0:4e:85:4e","Broadcast","ARP","60","Who has 192.168.5.19? Tell 192.168.5.46"
"344","89.906098326","MS-NLB-PhysServer-27_e0:4e:85:4e","Broadcast","ARP","60","Who has 192.168.5.19? Tell 192.168.5.46"
"345","91.318642288","2409:4064:2c8b:2eb2:1024:71cc:f5c9:863c","2a03:2880:f16b:81:face:b00c:0:25de","TLSv1.2","125","Application Data"
"346","91.425087020","2a03:2880:f16b:81:face:b00c:0:25de","2409:4064:2c8b:2eb2:1024:71cc:f5c9:863c","TLSv1.2","125","Application Data"
"347","91.425136668","2409:4064:2c8b:2eb2:1024:71cc:f5c9:863c","2a03:2880:f16b:81:face:b00c:0:25de","TCP","86","47292  >  443 [ACK] Seq=4120 Ack=1114 Win=798 Len=0 TSval=3044165746 TSecr=3711261586"
"348","94.999561660","192.168.5.120","192.168.5.255","BROWSER","243","Host Announcement LAPTOP-A244PIN8, Workstation, Server, NT Workstation"
"349","97.322852594","2409:4064:2c8b:2eb2:1024:71cc:f5c9:863c","2a03:2880:f16b:81:face:b00c:0:25de","TLSv1.2","125","Application Data"
"350","97.329714324","2409:4064:2c8b:2eb2:1024:71cc:f5c9:863c","2404:6800:4002:809::2003","TLSv1.2","178","Application Data"
"351","97.385945818","2a03:2880:f16b:81:face:b00c:0:25de","2409:4064:2c8b:2eb2:1024:71cc:f5c9:863c","TLSv1.2","125","Application Data"
"352","97.385999679","2409:4064:2c8b:2eb2:1024:71cc:f5c9:863c","2a03:2880:f16b:81:face:b00c:0:25de","TCP","86","47292  >  443 [ACK] Seq=4159 Ack=1153 Win=798 Len=0 TSval=3044171707 TSecr=3711267546"
"353","97.411723192","2404:6800:4002:809::2003","2409:4064:2c8b:2eb2:1024:71cc:f5c9:863c","TCP","86","443  >  47336 [ACK] Seq=546 Ack=392 Win=295 Len=0 TSval=816667699 TSecr=26548526"
"354","97.472074761","2404:6800:4002:809::2003","2409:4064:2c8b:2eb2:1024:71cc:f5c9:863c","TLSv1.2","195","Application Data"
"355","97.472074830","2404:6800:4002:809::2003","2409:4064:2c8b:2eb2:1024:71cc:f5c9:863c","TLSv1.2","160","Application Data"
"356","97.472095152","2409:4064:2c8b:2eb2:1024:71cc:f5c9:863c","2404:6800:4002:809::2003","TCP","86","47336  >  443 [ACK] Seq=392 Ack=655 Win=501 Len=0 TSval=26548668 TSecr=816667761"
"357","97.472202252","2409:4064:2c8b:2eb2:1024:71cc:f5c9:863c","2404:6800:4002:809::2003","TCP","86","47336  >  443 [ACK] Seq=392 Ack=729 Win=501 Len=0 TSval=26548669 TSecr=816667761"
"358","97.473978467","2404:6800:4002:809::2003","2409:4064:2c8b:2eb2:1024:71cc:f5c9:863c","TLSv1.2","117","Application Data"
"359","97.473978573","2404:6800:4002:809::2003","2409:4064:2c8b:2eb2:1024:71cc:f5c9:863c","TLSv1.2","125","Application Data"
"360","97.473992874","2409:4064:2c8b:2eb2:1024:71cc:f5c9:863c","2404:6800:4002:809::2003","TCP","86","47336  >  443 [ACK] Seq=392 Ack=760 Win=501 Len=0 TSval=26548670 TSecr=816667763"
"361","97.474101528","2409:4064:2c8b:2eb2:1024:71cc:f5c9:863c","2404:6800:4002:809::2003","TCP","86","47336  >  443 [ACK] Seq=392 Ack=799 Win=501 Len=0 TSval=26548670 TSecr=816667763"
"362","97.474938617","2409:4064:2c8b:2eb2:1024:71cc:f5c9:863c","2404:6800:4002:809::2003","TLSv1.2","125","Application Data"
"363","97.545610388","2404:6800:4002:809::2003","2409:4064:2c8b:2eb2:1024:71cc:f5c9:863c","TCP","86","443  >  47336 [ACK] Seq=799 Ack=431 Win=295 Len=0 TSval=816667834 TSecr=26548671"
"364","98.269301418","2404:6800:4009:827::200a","2409:4064:2c8b:2eb2:1024:71cc:f5c9:863c","TLSv1.2","171","Application Data"
"365","98.269321401","2409:4064:2c8b:2eb2:1024:71cc:f5c9:863c","2404:6800:4009:827::200a","TCP","86","43998  >  443 [ACK] Seq=472 Ack=612 Win=501 Len=0 TSval=1472048043 TSecr=4255718876"
"366","99.941314595","MS-NLB-PhysServer-27_e0:4e:85:4e","Broadcast","ARP","60","Who has 192.168.5.19? Tell 192.168.5.46"
"367","100.965820065","MS-NLB-PhysServer-27_e0:4e:85:4e","Broadcast","ARP","60","Who has 192.168.5.19? Tell 192.168.5.46"
"368","101.989788879","MS-NLB-PhysServer-27_e0:4e:85:4e","Broadcast","ARP","60","Who has 192.168.5.19? Tell 192.168.5.46"
"369","103.013219849","MS-NLB-PhysServer-27_e0:4e:85:4e","Broadcast","ARP","60","Who has 192.168.5.19? Tell 192.168.5.46"
"370","103.014461804","2409:4064:2c8b:2eb2:1024:71cc:f5c9:863c","2404:6800:4002:809::2003","TLSv1.2","177","Application Data"
"371","103.085809020","2404:6800:4002:809::2003","2409:4064:2c8b:2eb2:1024:71cc:f5c9:863c","TCP","86","443  >  47336 [ACK] Seq=799 Ack=522 Win=295 Len=0 TSval=816673374 TSecr=26554211"
"372","103.162893149","2404:6800:4002:809::2003","2409:4064:2c8b:2eb2:1024:71cc:f5c9:863c","TLSv1.2","195","Application Data"
"373","103.162893353","2404:6800:4002:809::2003","2409:4064:2c8b:2eb2:1024:71cc:f5c9:863c","TLSv1.2","160","Application Data"
"374","103.162936527","2409:4064:2c8b:2eb2:1024:71cc:f5c9:863c","2404:6800:4002:809::2003","TCP","86","47336  >  443 [ACK] Seq=522 Ack=908 Win=501 Len=0 TSval=26554359 TSecr=816673441"
"375","103.163256948","2409:4064:2c8b:2eb2:1024:71cc:f5c9:863c","2404:6800:4002:809::2003","TCP","86","47336  >  443 [ACK] Seq=522 Ack=982 Win=501 Len=0 TSval=26554360 TSecr=816673441"
"376","103.163993267","2404:6800:4002:809::2003","2409:4064:2c8b:2eb2:1024:71cc:f5c9:863c","TLSv1.2","117","Application Data"
"377","103.163993558","2404:6800:4002:809::2003","2409:4064:2c8b:2eb2:1024:71cc:f5c9:863c","TLSv1.2","125","Application Data"
"378","103.164013219","2409:4064:2c8b:2eb2:1024:71cc:f5c9:863c","2404:6800:4002:809::2003","TCP","86","47336  >  443 [ACK] Seq=522 Ack=1013 Win=501 Len=0 TSval=26554360 TSecr=816673442"
"379","103.164202234","2409:4064:2c8b:2eb2:1024:71cc:f5c9:863c","2404:6800:4002:809::2003","TCP","86","47336  >  443 [ACK] Seq=522 Ack=1052 Win=501 Len=0 TSval=26554361 TSecr=816673442"
"380","103.165737374","2409:4064:2c8b:2eb2:1024:71cc:f5c9:863c","2404:6800:4002:809::2003","TLSv1.2","125","Application Data"
"381","103.245990415","2404:6800:4002:809::2003","2409:4064:2c8b:2eb2:1024:71cc:f5c9:863c","TCP","86","443  >  47336 [ACK] Seq=1052 Ack=561 Win=295 Len=0 TSval=816673524 TSecr=26554362"
"382","103.329831039","2409:4064:2c8b:2eb2:1024:71cc:f5c9:863c","2a03:2880:f16b:81:face:b00c:0:25de","TLSv1.2","125","Application Data"
"383","103.385537335","2a03:2880:f16b:81:face:b00c:0:25de","2409:4064:2c8b:2eb2:1024:71cc:f5c9:863c","TLSv1.2","125","Application Data"
"384","103.385563294","2409:4064:2c8b:2eb2:1024:71cc:f5c9:863c","2a03:2880:f16b:81:face:b00c:0:25de","TCP","86","47292  >  443 [ACK] Seq=4198 Ack=1192 Win=798 Len=0 TSval=3044177707 TSecr=3711273546"
"385","104.037441686","MS-NLB-PhysServer-27_e0:4e:85:4e","Broadcast","ARP","60","Who has 192.168.5.19? Tell 192.168.5.46"
"386","105.061674181","MS-NLB-PhysServer-27_e0:4e:85:4e","Broadcast","ARP","60","Who has 192.168.5.19? Tell 192.168.5.46"
"387","106.290652505","MS-NLB-PhysServer-27_e0:4e:85:4e","Broadcast","ARP","60","Who has 192.168.5.19? Tell 192.168.5.46"
"388","107.314548977","MS-NLB-PhysServer-27_e0:4e:85:4e","Broadcast","ARP","60","Who has 192.168.5.19? Tell 192.168.5.46"
"389","108.338144556","MS-NLB-PhysServer-27_e0:4e:85:4e","Broadcast","ARP","60","Who has 192.168.5.19? Tell 192.168.5.46"
"390","109.339512746","2409:4064:2c8b:2eb2:1024:71cc:f5c9:863c","2a03:2880:f16b:81:face:b00c:0:25de","TLSv1.2","125","Application Data"
"391","109.432547342","2a03:2880:f16b:81:face:b00c:0:25de","2409:4064:2c8b:2eb2:1024:71cc:f5c9:863c","TLSv1.2","125","Application Data"
"392","109.432598163","2409:4064:2c8b:2eb2:1024:71cc:f5c9:863c","2a03:2880:f16b:81:face:b00c:0:25de","TCP","86","47292  >  443 [ACK] Seq=4237 Ack=1231 Win=798 Len=0 TSval=3044183754 TSecr=3711279593"
"393","109.771677345","MS-NLB-PhysServer-27_e0:4e:85:4e","Broadcast","ARP","60","Who has 192.168.5.19? Tell 192.168.5.46"
"394","110.795606547","MS-NLB-PhysServer-27_e0:4e:85:4e","Broadcast","ARP","60","Who has 192.168.5.19? Tell 192.168.5.46"
"395","111.819642689","MS-NLB-PhysServer-27_e0:4e:85:4e","Broadcast","ARP","60","Who has 192.168.5.19? Tell 192.168.5.46"
"396","114.686301986","MS-NLB-PhysServer-27_e0:4e:85:4e","Broadcast","ARP","60","Who has 192.168.5.19? Tell 192.168.5.46"
"397","115.353497614","2409:4064:2c8b:2eb2:1024:71cc:f5c9:863c","2a03:2880:f16b:81:face:b00c:0:25de","TLSv1.2","125","Application Data"
"398","115.404830410","2a03:2880:f16b:81:face:b00c:0:25de","2409:4064:2c8b:2eb2:1024:71cc:f5c9:863c","TLSv1.2","125","Application Data"
"399","115.404855869","2409:4064:2c8b:2eb2:1024:71cc:f5c9:863c","2a03:2880:f16b:81:face:b00c:0:25de","TCP","86","47292  >  443 [ACK] Seq=4276 Ack=1270 Win=798 Len=0 TSval=3044189726 TSecr=3711285566"
"400","115.461297031","2409:4064:2c8b:2eb2:1024:71cc:f5c9:863c","2404:6800:4009:824::200e","TLSv1.2","125","Application Data"
"401","115.461732924","2409:4064:2c8b:2eb2:1024:71cc:f5c9:863c","2404:6800:4009:824::200e","TLSv1.2","110","Application Data"
"402","115.461908093","2409:4064:2c8b:2eb2:1024:71cc:f5c9:863c","2404:6800:4009:824::200e","TCP","86","46570  >  443 [FIN, ACK] Seq=142 Ack=79 Win=501 Len=0 TSval=4059107897 TSecr=96447130"
"403","115.557007766","2404:6800:4009:824::200e","2409:4064:2c8b:2eb2:1024:71cc:f5c9:863c","TCP","98","[TCP Dup ACK 174#1] 443  >  46570 [ACK] Seq=79 Ack=79 Win=1692 Len=0 TSval=96499552 TSecr=4059055571 SLE=142 SRE=143"
"404","115.557007862","2404:6800:4009:824::200e","2409:4064:2c8b:2eb2:1024:71cc:f5c9:863c","TCP","98","443  >  46570 [ACK] Seq=79 Ack=118 Win=1692 Len=0 TSval=96499552 TSecr=4059107897 SLE=142 SRE=143"
"405","115.557007901","2404:6800:4009:824::200e","2409:4064:2c8b:2eb2:1024:71cc:f5c9:863c","TCP","86","443  >  46570 [ACK] Seq=79 Ack=143 Win=1692 Len=0 TSval=96499552 TSecr=4059107897"
"406","115.557007936","2404:6800:4009:824::200e","2409:4064:2c8b:2eb2:1024:71cc:f5c9:863c","TCP","86","443  >  46570 [FIN, ACK] Seq=79 Ack=143 Win=1692 Len=0 TSval=96499552 TSecr=4059107897"
"407","115.557052101","2409:4064:2c8b:2eb2:1024:71cc:f5c9:863c","2404:6800:4009:824::200e","TCP","86","46570  >  443 [ACK] Seq=143 Ack=80 Win=501 Len=0 TSval=4059107992 TSecr=96499552"
"408","115.711123031","MS-NLB-PhysServer-27_e0:4e:85:4e","Broadcast","ARP","60","Who has 192.168.5.19? Tell 192.168.5.46"
"409","116.733642448","MS-NLB-PhysServer-27_e0:4e:85:4e","Broadcast","ARP","60","Who has 192.168.5.19? Tell 192.168.5.46"
"410","117.358629196","2409:4064:2c8b:2eb2:1024:71cc:f5c9:863c","2404:6800:4009:827::200a","TLSv1.2","125","Application Data"
"411","117.480377604","2404:6800:4009:827::200a","2409:4064:2c8b:2eb2:1024:71cc:f5c9:863c","TCP","86","443  >  44000 [ACK] Seq=179 Ack=351 Win=286 Len=0 TSval=1640179786 TSecr=1472067132"
"412","117.486386091","2404:6800:4009:827::200a","2409:4064:2c8b:2eb2:1024:71cc:f5c9:863c","TLSv1.2","125","Application Data"
"413","117.530468183","2409:4064:2c8b:2eb2:1024:71cc:f5c9:863c","2404:6800:4009:827::200a","TCP","86","44000  >  443 [ACK] Seq=351 Ack=218 Win=501 Len=0 TSval=1472067304 TSecr=1640179787"
"414","117.758399175","MS-NLB-PhysServer-27_e0:4e:85:4e","Broadcast","ARP","60","Who has 192.168.5.19? Tell 192.168.5.46"
"415","118.708631779","2404:6800:4009:827::200a","2409:4064:2c8b:2eb2:1024:71cc:f5c9:863c","TLSv1.2","171","Application Data"
"416","118.708631909","2404:6800:4009:827::200a","2409:4064:2c8b:2eb2:1024:71cc:f5c9:863c","TLSv1.2","117","Application Data"
"417","118.708631964","2404:6800:4009:827::200a","2409:4064:2c8b:2eb2:1024:71cc:f5c9:863c","TLSv1.2","125","Application Data"
"418","118.708657200","2409:4064:2c8b:2eb2:1024:71cc:f5c9:863c","2404:6800:4009:827::200a","TCP","86","43998  >  443 [ACK] Seq=472 Ack=697 Win=501 Len=0 TSval=1472068482 TSecr=4255738989"
"419","118.708857411","2409:4064:2c8b:2eb2:1024:71cc:f5c9:863c","2404:6800:4009:827::200a","TCP","86","43998  >  443 [ACK] Seq=472 Ack=728 Win=501 Len=0 TSval=1472068482 TSecr=4255738990"
"420","118.708965222","2409:4064:2c8b:2eb2:1024:71cc:f5c9:863c","2404:6800:4009:827::200a","TCP","86","43998  >  443 [ACK] Seq=472 Ack=767 Win=501 Len=0 TSval=1472068482 TSecr=4255738990"
"421","118.709304142","2409:4064:2c8b:2eb2:1024:71cc:f5c9:863c","2404:6800:4009:827::200a","TLSv1.2","125","Application Data"
"422","118.721651697","2409:4064:2c8b:2eb2:1024:71cc:f5c9:863c","2404:6800:4009:827::200a","TLSv1.2","319","Application Data"
"423","118.743022826","2404:6800:4009:827::200a","2409:4064:2c8b:2eb2:1024:71cc:f5c9:863c","TLSv1.2","125","[TCP Spurious Retransmission] , Application Data"
"424","118.743045945","2409:4064:2c8b:2eb2:1024:71cc:f5c9:863c","2404:6800:4009:827::200a","TCP","98","[TCP Dup ACK 420#1] 43998  >  443 [ACK] Seq=511 Ack=767 Win=501 Len=0 TSval=1472068516 TSecr=4255739344 SLE=728 SRE=767"
"425","118.800761444","2404:6800:4009:827::200a","2409:4064:2c8b:2eb2:1024:71cc:f5c9:863c","TCP","86","443  >  43998 [ACK] Seq=767 Ack=511 Win=313 Len=0 TSval=4255739401 TSecr=1472068483"
"426","118.823008291","2404:6800:4009:827::200a","2409:4064:2c8b:2eb2:1024:71cc:f5c9:863c","TCP","86","443  >  44000 [ACK] Seq=218 Ack=584 Win=290 Len=0 TSval=1640181123 TSecr=1472068495"
"427","118.987699506","MS-NLB-PhysServer-27_e0:4e:85:4e","Broadcast","ARP","60","Who has 192.168.5.19? Tell 192.168.5.46"
"428","119.324572958","2404:6800:4009:827::200a","2409:4064:2c8b:2eb2:1024:71cc:f5c9:863c","TLSv1.2","155","Application Data"
"429","119.324573274","2404:6800:4009:827::200a","2409:4064:2c8b:2eb2:1024:71cc:f5c9:863c","TLSv1.2","117","Application Data"
"430","119.324573390","2404:6800:4009:827::200a","2409:4064:2c8b:2eb2:1024:71cc:f5c9:863c","TLSv1.2","125","Application Data"
"431","119.324573500","2404:6800:4009:827::200a","2409:4064:2c8b:2eb2:1024:71cc:f5c9:863c","TCP","125","[TCP Retransmission] 443  >  44000 [PSH, ACK] Seq=318 Ack=584 Win=290 Len=39 TSval=1640181548 TSecr=1472068495"
"432","119.324718132","2409:4064:2c8b:2eb2:1024:71cc:f5c9:863c","2404:6800:4009:827::200a","TCP","86","44000  >  443 [ACK] Seq=584 Ack=287 Win=501 Len=0 TSval=1472069098 TSecr=1640181333"
"433","119.324986081","2409:4064:2c8b:2eb2:1024:71cc:f5c9:863c","2404:6800:4009:827::200a","TCP","86","44000  >  443 [ACK] Seq=584 Ack=318 Win=501 Len=0 TSval=1472069098 TSecr=1640181335"
"434","119.325216071","2409:4064:2c8b:2eb2:1024:71cc:f5c9:863c","2404:6800:4009:827::200a","TCP","86","44000  >  443 [ACK] Seq=584 Ack=357 Win=501 Len=0 TSval=1472069099 TSecr=1640181335"
"435","119.325488486","2409:4064:2c8b:2eb2:1024:71cc:f5c9:863c","2404:6800:4009:827::200a","TCP","98","[TCP Dup ACK 434#1] 44000  >  443 [ACK] Seq=584 Ack=357 Win=501 Len=0 TSval=1472069099 TSecr=1640181548 SLE=318 SRE=357"
"436","119.326534016","2409:4064:2c8b:2eb2:1024:71cc:f5c9:863c","2404:6800:4009:827::200a","TLSv1.2","125","Application Data"
"437","119.329463493","2409:4064:2c8b:2eb2:1024:71cc:f5c9:863c","2404:6800:4009:827::200a","TLSv1.2","520","Application Data"
"438","119.416752149","2404:6800:4009:827::200a","2409:4064:2c8b:2eb2:1024:71cc:f5c9:863c","TCP","86","443  >  44000 [ACK] Seq=357 Ack=623 Win=290 Len=0 TSval=1640181728 TSecr=1472069100"
"439","119.419404528","2404:6800:4009:827::200a","2409:4064:2c8b:2eb2:1024:71cc:f5c9:863c","TCP","86","443  >  43998 [ACK] Seq=767 Ack=945 Win=323 Len=0 TSval=4255740021 TSecr=1472069103"
"440","119.644078903","2404:6800:4009:827::200a","2409:4064:2c8b:2eb2:1024:71cc:f5c9:863c","TLSv1.2","153","Application Data"
"441","119.644078991","2404:6800:4009:827::200a","2409:4064:2c8b:2eb2:1024:71cc:f5c9:863c","TLSv1.2","135","Application Data"
"442","119.644103992","2409:4064:2c8b:2eb2:1024:71cc:f5c9:863c","2404:6800:4009:827::200a","TCP","86","43998  >  443 [ACK] Seq=945 Ack=834 Win=501 Len=0 TSval=1472069417 TSecr=4255740243"
"443","119.644284415","2409:4064:2c8b:2eb2:1024:71cc:f5c9:863c","2404:6800:4009:827::200a","TCP","86","43998  >  443 [ACK] Seq=945 Ack=883 Win=501 Len=0 TSval=1472069418 TSecr=4255740243"
"444","120.012306680","MS-NLB-PhysServer-27_e0:4e:85:4e","Broadcast","ARP","60","Who has 192.168.5.19? Tell 192.168.5.46"
"445","121.364814529","2409:4064:2c8b:2eb2:1024:71cc:f5c9:863c","2a03:2880:f16b:81:face:b00c:0:25de","TLSv1.2","125","Application Data"
"446","121.414980771","2a03:2880:f16b:81:face:b00c:0:25de","2409:4064:2c8b:2eb2:1024:71cc:f5c9:863c","TLSv1.2","125","Application Data"
"447","121.415005145","2409:4064:2c8b:2eb2:1024:71cc:f5c9:863c","2a03:2880:f16b:81:face:b00c:0:25de","TCP","86","47292  >  443 [ACK] Seq=4315 Ack=1309 Win=798 Len=0 TSval=3044195736 TSecr=3711291576"
"448","122.263910655","MS-NLB-PhysServer-27_e0:4e:85:4e","Broadcast","ARP","60","Who has 192.168.5.19? Tell 192.168.5.46"
"449","123.083826739","MS-NLB-PhysServer-27_e0:4e:85:4e","Broadcast","ARP","60","Who has 192.168.5.19? Tell 192.168.5.46"
"450","124.107616366","MS-NLB-PhysServer-27_e0:4e:85:4e","Broadcast","ARP","60","Who has 192.168.5.19? Tell 192.168.5.46"
"451","125.131121105","MS-NLB-PhysServer-27_e0:4e:85:4e","Broadcast","ARP","60","Who has 192.168.5.19? Tell 192.168.5.46"
"452","126.155758620","MS-NLB-PhysServer-27_e0:4e:85:4e","Broadcast","ARP","60","Who has 192.168.5.19? Tell 192.168.5.46"
"453","127.179602803","MS-NLB-PhysServer-27_e0:4e:85:4e","Broadcast","ARP","60","Who has 192.168.5.19? Tell 192.168.5.46"
"454","127.370641291","2409:4064:2c8b:2eb2:1024:71cc:f5c9:863c","2a03:2880:f16b:81:face:b00c:0:25de","TLSv1.2","125","Application Data"
"455","127.435823479","2a03:2880:f16b:81:face:b00c:0:25de","2409:4064:2c8b:2eb2:1024:71cc:f5c9:863c","TLSv1.2","125","Application Data"
"456","127.435875120","2409:4064:2c8b:2eb2:1024:71cc:f5c9:863c","2a03:2880:f16b:81:face:b00c:0:25de","TCP","86","47292  >  443 [ACK] Seq=4354 Ack=1348 Win=798 Len=0 TSval=3044201757 TSecr=3711297596"
"457","128.203813840","MS-NLB-PhysServer-27_e0:4e:85:4e","Broadcast","ARP","60","Who has 192.168.5.19? Tell 192.168.5.46"
"458","129.841903592","MS-NLB-PhysServer-27_e0:4e:85:4e","Broadcast","ARP","60","Who has 192.168.5.19? Tell 192.168.5.46"
"459","131.070816806","MS-NLB-PhysServer-27_e0:4e:85:4e","Broadcast","ARP","60","Who has 192.168.5.19? Tell 192.168.5.46"
"460","131.376456988","2409:4064:2c8b:2eb2:1024:71cc:f5c9:863c","2404:6800:4002:80f::2004","TLSv1.3","125","Application Data"
"461","131.376686023","2409:4064:2c8b:2eb2:1024:71cc:f5c9:863c","2404:6800:4009:80c::200e","TLSv1.3","125","Application Data"
"462","131.376826150","2409:4064:2c8b:2eb2:1024:71cc:f5c9:863c","2404:6800:4009:822::200e","TLSv1.2","125","Application Data"
"463","131.443144209","2404:6800:4002:80f::2004","2409:4064:2c8b:2eb2:1024:71cc:f5c9:863c","TLSv1.3","125","Application Data"
"464","131.443144313","2404:6800:4002:80f::2004","2409:4064:2c8b:2eb2:1024:71cc:f5c9:863c","TCP","86","443  >  46936 [ACK] Seq=19188 Ack=1824 Win=70656 Len=0 TSval=1647456171 TSecr=3341698139"
"465","131.443169866","2409:4064:2c8b:2eb2:1024:71cc:f5c9:863c","2404:6800:4002:80f::2004","TCP","86","46936  >  443 [ACK] Seq=1824 Ack=19227 Win=64128 Len=0 TSval=3341698205 TSecr=1647456171"
"466","131.443291392","2409:4064:2c8b:2eb2:1024:71cc:f5c9:863c","2404:6800:4002:80f::2004","TCP","86","[TCP Dup ACK 465#1] 46936  >  443 [ACK] Seq=1824 Ack=19227 Win=64128 Len=0 TSval=3341698206 TSecr=1647456171"
"467","131.462178360","2404:6800:4009:822::200e","2409:4064:2c8b:2eb2:1024:71cc:f5c9:863c","TLSv1.2","125","Application Data"
"468","131.462192485","2409:4064:2c8b:2eb2:1024:71cc:f5c9:863c","2404:6800:4009:822::200e","TCP","86","43740  >  443 [ACK] Seq=3279 Ack=1294 Win=826 Len=0 TSval=354184871 TSecr=3346777462"
"469","131.464155564","2404:6800:4009:822::200e","2409:4064:2c8b:2eb2:1024:71cc:f5c9:863c","TCP","86","443  >  43740 [ACK] Seq=1255 Ack=3279 Win=906 Len=0 TSval=3346777462 TSecr=354184786"
"470","131.464164914","2409:4064:2c8b:2eb2:1024:71cc:f5c9:863c","2404:6800:4009:822::200e","TCP","86","[TCP Dup ACK 468#1] 43740  >  443 [ACK] Seq=3279 Ack=1294 Win=826 Len=0 TSval=354184873 TSecr=3346777462"
"471","131.466288629","2404:6800:4009:80c::200e","2409:4064:2c8b:2eb2:1024:71cc:f5c9:863c","TCP","86","443  >  45072 [ACK] Seq=20990 Ack=1966 Win=70656 Len=0 TSval=426146687 TSecr=1319837368"
"472","131.476528179","2404:6800:4009:80c::200e","2409:4064:2c8b:2eb2:1024:71cc:f5c9:863c","TLSv1.3","125","Application Data"
"473","131.519761364","2409:4064:2c8b:2eb2:1024:71cc:f5c9:863c","2404:6800:4009:80c::200e","TCP","86","45072  >  443 [ACK] Seq=1966 Ack=21029 Win=64128 Len=0 TSval=1319837511 TSecr=426146687"
"474","132.378404899","2409:4064:2c8b:2eb2:1024:71cc:f5c9:863c","2404:6800:4002:806::200e","TLSv1.2","125","Application Data"
"475","132.461840226","2404:6800:4002:806::200e","2409:4064:2c8b:2eb2:1024:71cc:f5c9:863c","TCP","86","443  >  43328 [ACK] Seq=1791 Ack=3601 Win=469 Len=0 TSval=3929403803 TSecr=104695285"
"476","132.462452696","2404:6800:4002:806::200e","2409:4064:2c8b:2eb2:1024:71cc:f5c9:863c","TLSv1.2","125","Application Data"
"477","132.462464229","2409:4064:2c8b:2eb2:1024:71cc:f5c9:863c","2404:6800:4002:806::200e","TCP","86","43328  >  443 [ACK] Seq=3601 Ack=1830 Win=501 Len=0 TSval=104695369 TSecr=3929403803"
"478","132.504420841","MS-NLB-PhysServer-27_e0:4e:85:4e","Broadcast","ARP","60","Who has 192.168.5.19? Tell 192.168.5.46"
"479","132.990938299","0.0.0.0","255.255.255.255","DHCP","336","DHCP Request  - Transaction ID 0x695d0f0d"
"480","133.380864081","2409:4064:2c8b:2eb2:1024:71cc:f5c9:863c","2a03:2880:f16b:81:face:b00c:0:25de","TLSv1.2","125","Application Data"
"481","133.636966149","2a03:2880:f16b:81:face:b00c:0:25de","2409:4064:2c8b:2eb2:1024:71cc:f5c9:863c","TLSv1.2","125","Application Data"
"482","133.637016641","2409:4064:2c8b:2eb2:1024:71cc:f5c9:863c","2a03:2880:f16b:81:face:b00c:0:25de","TCP","86","47292  >  443 [ACK] Seq=4393 Ack=1387 Win=798 Len=0 TSval=3044207958 TSecr=3711303796"
"483","137.910627498","2409:4064:2c8b:2eb2:1024:71cc:f5c9:863c","2409:4064:2c8b:2eb2::42","DNS","105","Standard query 0x99bd AAAA push.services.mozilla.com"
"484","137.947427974","2409:4064:2c8b:2eb2::42","2409:4064:2c8b:2eb2:1024:71cc:f5c9:863c","DNS","225","Standard query response 0x99bd AAAA push.services.mozilla.com CNAME autopush.prod.mozaws.net SOA ns-1260.awsdns-29.org"
"485","137.947768853","2409:4064:2c8b:2eb2:1024:71cc:f5c9:863c","2409:4064:2c8b:2eb2::42","DNS","105","Standard query 0x2b3b AAAA push.services.mozilla.com"
"486","137.949895216","2409:4064:2c8b:2eb2::42","2409:4064:2c8b:2eb2:1024:71cc:f5c9:863c","DNS","143","Standard query response 0x2b3b AAAA push.services.mozilla.com CNAME autopush.prod.mozaws.net"
"487","137.951142948","2409:4064:2c8b:2eb2:1024:71cc:f5c9:863c","2409:4064:2c8b:2eb2::42","DNS","105","Standard query 0x38e6 AAAA push.services.mozilla.com"
"488","137.953125477","2409:4064:2c8b:2eb2::42","2409:4064:2c8b:2eb2:1024:71cc:f5c9:863c","DNS","143","Standard query response 0x38e6 AAAA push.services.mozilla.com CNAME autopush.prod.mozaws.net"
"489","138.523585211","2404:6800:4009:827::200a","2409:4064:2c8b:2eb2:1024:71cc:f5c9:863c","TLSv1.2","171","Application Data"
"490","138.523686446","2409:4064:2c8b:2eb2:1024:71cc:f5c9:863c","2404:6800:4009:827::200a","TCP","86","43998  >  443 [ACK] Seq=945 Ack=968 Win=501 Len=0 TSval=1472088297 TSecr=4255759028"
"491","138.953190003","2409:4064:2c8b:2eb2:1024:71cc:f5c9:863c","2a03:2880:f16b:81:face:b00c:0:25de","TLSv1.2","125","Application Data"
"492","139.011762865","2a03:2880:f16b:81:face:b00c:0:25de","2409:4064:2c8b:2eb2:1024:71cc:f5c9:863c","TLSv1.2","125","Application Data"
"493","139.011786763","2409:4064:2c8b:2eb2:1024:71cc:f5c9:863c","2a03:2880:f16b:81:face:b00c:0:25de","TCP","86","47292  >  443 [ACK] Seq=4432 Ack=1426 Win=798 Len=0 TSval=3044213333 TSecr=3711309174"
"494","143.040309561","fe80::20c:29ff:fecf:3bd4","2409:4064:2c8b:2eb2::42","ICMPv6","86","Neighbor Solicitation for 2409:4064:2c8b:2eb2::42 from 00:0c:29:cf:3b:d4"
"495","143.094180149","2409:4064:2c8b:2eb2::42","fe80::20c:29ff:fecf:3bd4","ICMPv6","78","Neighbor Advertisement 2409:4064:2c8b:2eb2::42 (rtr, sol)"
"496","143.166376542","fe80::1b:e0ff:fe4e:854e","2409:4064:2c8b:2eb2:1024:71cc:f5c9:863c","ICMPv6","86","Neighbor Solicitation for 2409:4064:2c8b:2eb2:1024:71cc:f5c9:863c from 02:1b:e0:4e:85:4e"
"497","143.166426294","2409:4064:2c8b:2eb2:1024:71cc:f5c9:863c","fe80::1b:e0ff:fe4e:854e","ICMPv6","78","Neighbor Advertisement 2409:4064:2c8b:2eb2:1024:71cc:f5c9:863c (sol)"
"498","144.957413458","2409:4064:2c8b:2eb2:1024:71cc:f5c9:863c","2a03:2880:f16b:81:face:b00c:0:25de","TLSv1.2","125","Application Data"
"499","145.025221305","2a03:2880:f16b:81:face:b00c:0:25de","2409:4064:2c8b:2eb2:1024:71cc:f5c9:863c","TLSv1.2","125","Application Data"
"500","145.025271347","2409:4064:2c8b:2eb2:1024:71cc:f5c9:863c","2a03:2880:f16b:81:face:b00c:0:25de","TCP","86","47292  >  443 [ACK] Seq=4471 Ack=1465 Win=798 Len=0 TSval=3044219347 TSecr=3711315186"
